Date,Open,High,Low,Close,Volume,SMA_20,EMA_20,RSI,Bollinger_Upper,Bollinger_Lower,Returns,Days_Index,Trendline
2023-01-30,3276.9965366038527,3313.8387462011688,3243.9870714937924,3290.07568359375,1953798,3179.361535644531,3199.726308829399,75.68255642976536,3349.7420976467115,3008.980973642351,,0,2960.6237601666553
2023-01-31,3304.784522907401,3304.784522907401,3210.8822662402727,3218.26025390625,2820375,3187.1230590820314,3201.4914464557655,67.55589723377228,3349.127285637143,3025.11883252692,-0.021827895949510845,1,2963.643419430738
2023-02-01,3222.3803881093377,3276.0388185982238,3214.714898039497,3265.834228515625,2205161,3194.920068359375,3207.6193304614662,68.22028067367799,3356.283186132876,3033.556950585874,0.01478251317668633,2,2966.6630786948213
2023-02-02,3283.704193188022,3323.948014639407,3277.092801808168,3315.70751953125,1813847,3205.055773925781,3217.9134437062075,71.53111208385815,3370.1737509592317,3039.9377968923304,0.01527122552031468,3,2969.682737958904
2023-02-03,3357.48448855579,3357.48448855579,3308.5210795248126,3336.69189453125,1804469,3216.407421875,3229.2256771181164,70.36956737386019,3385.0890331183173,3047.725810631683,0.006328777455909762,4,2972.702397222987
2023-02-06,3327.9246235850565,3327.9246235850565,3293.1426483615455,3315.276611328125,1138714,3231.3629760742188,3237.4210041857364,64.81880015834743,3376.7184290596397,3086.007523088798,-0.0064181182680438376,5,2975.72205648707
2023-02-07,3323.85233319214,3346.944716391425,3316.665936005499,3327.349853515625,1455647,3241.83193359375,3245.985656502869,61.976958561193605,3382.897560934011,3100.766306253489,0.0036416998045492033,6,2978.7417157511527
2023-02-08,3332.6195999697798,3391.8832767966505,3332.6195999697798,3372.911376953125,1986946,3256.1544189453125,3258.073820355274,65.16323534302941,3388.7097961995423,3123.5990416910827,0.013693036633752431,7,2981.761375015236
2023-02-09,3368.0247366775698,3399.2617026304442,3358.7303766515556,3392.7939453125,1655427,3269.4847045898437,3270.9043084464383,69.37739615273452,3400.6231436167072,3138.34626556298,0.005894779357451085,8,2984.7810342793186
2023-02-10,3372.8153774326156,3394.2309322798087,3361.460777546514,3389.631591796875,1187821,3282.3915405273438,3282.211668765528,70.46813136090287,3406.995740019253,3157.7873410354346,-0.0009320794503285823,9,2987.800693543402
2023-02-13,3400.602644646524,3400.602644646524,3328.163678169945,3336.787353515625,1087939,3290.7684692382813,3287.4093530274417,57.85790940224991,3405.4796786034394,3176.0572598731233,-0.015589965118668503,10,2990.8203528074846
2023-02-14,3358.442821808249,3377.462912531737,3348.86095926386,3353.747802734375,1579818,3298.7238159179688,3293.727300618578,57.49175269021172,3407.2680319996903,3190.1795998362472,0.005082867867165941,11,2993.8400120715673
2023-02-15,3341.195117783734,3378.5643777761534,3315.4677259853174,3373.43798828125,1429449,3305.538916015625,3301.3187946816893,60.33423459801992,3414.9141826552273,3196.163649376023,0.005871099052475293,12,2996.8596713356505
2023-02-16,3379.714276580616,3425.5156231677274,3379.5226861293913,3409.2744140625,1618931,3313.5900756835936,3311.6002822417668,66.03054092638624,3428.762036457251,3198.4181149099363,0.010623116804203692,13,2999.8793305997333
2023-02-17,3378.7078263523026,3390.924699139633,3344.069492375203,3354.753173828125,1061369,3319.724816894531,3315.7100814404675,56.84860574042104,3429.5582169558043,3209.891416833258,-0.015992036314086966,14,3002.8989898638165
2023-02-20,3355.56844621958,3374.732172354472,3329.7453720392537,3341.483154296875,1296082,3325.675158691406,3318.164659807744,64.8946147303883,3425.789891117992,3225.5604262648203,-0.003955587443742581,15,3005.9186491278992
2023-02-21,3347.9026915318927,3362.179572802701,3300.7120196492524,3306.70068359375,1139541,3327.404675292969,3317.0728525492686,55.09737726663958,3424.7808594784533,3230.0284911074846,-0.010409291053404712,16,3008.938308391982
2023-02-22,3272.157961055376,3302.867875966186,3253.042192893879,3259.318359375,1218430,3325.7398071289062,3311.5724246279096,42.92245558340637,3426.693277797999,3224.7863364598134,-0.014329184511267745,17,3011.957967656065
2023-02-23,3277.955046315417,3308.041999937605,3265.498625502175,3271.05615234375,1441570,3324.9756591796877,3307.713732029418,41.5661335294221,3427.405428927142,3222.5458894322333,0.00360130299483874,18,3014.977626920148
2023-02-24,3279.3924580078046,3290.363643842021,3240.873417340068,3258.264404296875,977592,3324.467822265625,3303.004272245367,42.50818407791011,3428.1709861348663,3220.7646583963833,-0.003910586505129099,19,3017.997286184231
2023-02-27,3248.251147593165,3248.251147593165,3177.3453703300693,3192.53271484375,1128022,3319.590673828125,3292.483171540451,34.47361776619118,3438.206787283697,3200.9745603725532,-0.02017383529907535,20,3021.016945448314
2023-02-28,3189.323159020487,3250.1679902050446,3161.9189367566064,3174.32763671875,4116217,3317.39404296875,3281.2302634621938,25.59188403640036,3445.1837208895618,3189.6043650479382,-0.005702393601279332,21,3024.0366047123966
2023-03-01,3184.052393860985,3247.29267613448,3176.386905100561,3244.130615234375,1669307,3316.3088623046874,3277.696963630973,33.724857955836285,3446.2918745593047,3186.32585005007,0.021989846828722293,22,3027.05626397648
2023-03-02,3220.463939375474,3228.991703303475,3179.261931225178,3182.567626953125,1556538,3309.6518676757814,3268.637026804511,29.9013711355353,3452.7411415212187,3166.562593830344,-0.018976729232834,23,3030.0759232405626
2023-03-03,3213.756700307668,3217.589445328905,3191.8143286339596,3202.402099609375,1043190,3302.9373779296875,3262.3289385002126,36.062797700131966,3453.111822894703,3152.762932964672,0.006232223468960019,24,3033.095582504646
2023-03-06,3221.32621137406,3262.576175596461,3218.5475648641404,3230.8603515625,1334132,3298.7165649414064,3259.331930220431,37.55211277776377,3452.140823248438,3145.2923066343747,0.00888653300489528,25,3036.1152417687285
2023-03-08,3223.3387406623624,3254.0007025235977,3191.574958119621,3248.634765625,1844590,3294.780810546875,3258.313152639914,37.30879804565113,3449.147961798388,3140.4136592953614,0.005501449189502683,26,3039.1349010328113
2023-03-09,3243.460550311983,3243.460550311983,3191.574856942648,3197.323974609375,1648500,3286.0014404296876,3252.504659494148,29.104442047162905,3441.6262830224177,3130.3765978369574,-0.015794570555780374,27,3042.1545602968945
2023-03-10,3174.3752405794844,3197.7071701228456,3152.432868291007,3191.718505859375,1024404,3275.9476684570313,3246.7155020051223,32.21118447901273,3428.4729045305126,3123.42243238355,-0.0017531750909555166,28,3045.1742195609772
2023-03-13,3193.634939853232,3228.8962425012387,3135.1855755174847,3144.719482421875,1901233,3263.7020629882813,3237.0015953781462,30.00285835085066,3417.1202782004743,3110.2838477760884,-0.014725303422347236,29,3048.19387882506
2023-03-14,3142.850563487613,3166.230211911423,3075.2025279079708,3080.5205078125,2670334,3250.888720703125,3222.0986346576083,28.310134957328913,3420.552068020886,3081.2253733853636,-0.020414849390614886,30,3051.213538089143
2023-03-15,3114.105255758854,3124.0225768385294,3058.5304542714653,3065.141845703125,1780522,3236.4584228515623,3207.150369042896,30.161467580520522,3417.966192819408,3054.9506528837164,-0.004992228446580094,31,3054.233197353226
2023-03-16,3073.8612802933676,3085.1679240584376,3039.3665776466837,3051.822998046875,1901060,3220.3776733398436,3192.357286090894,27.67362148792631,3407.6821616127904,3033.0731850668967,-0.00434526306667371,32,3057.252856617309
2023-03-17,3018.7657616526217,3086.7010727777847,3012.5375510667645,3046.361572265625,6739966,3202.23203125,3178.4529323932493,28.093055938358475,3382.675025335772,3021.7890371642284,-0.0017895617749604797,33,3060.272515881392
2023-03-20,3037.1147649777254,3037.1147649777254,2965.6342155296784,3011.86669921875,2289468,3185.0877075195312,3162.587576852821,30.032767493265183,3369.62477042193,3000.5506446171325,-0.011323302316087358,34,3063.2921751454746
2023-03-21,3011.866646847145,3024.7542040981293,2967.9337172062005,2976.22216796875,1815297,3166.824658203125,3144.838490292433,28.91802910696248,3358.3562438679232,2975.293072538327,-0.011834697484867429,35,3066.311834409558
2023-03-22,2999.170520564124,3012.0580771298146,2976.222009708673,2999.88916015625,1123939,3151.48408203125,3131.033792184225,21.1782093499624,3344.9816119721927,2957.9865520903077,0.007952024698361981,36,3069.3314936736406
2023-03-23,2984.654266063977,3014.789410868267,2971.3355707194073,2993.99658203125,1372218,3138.2179931640626,3117.9826293125134,24.381670446683188,3336.8980829949664,2939.5379033331587,-0.001964265281285571,37,3072.351152937724
2023-03-24,3017.2326602410512,3037.4504841659486,2976.1265627190655,2990.020263671875,1329577,3124.1661987304688,3105.795737346738,19.84764310581241,3323.0409161882517,2925.291481272686,-0.0013280971605776903,38,3075.3708122018065
2023-03-27,3003.9140363537526,3020.9218430986584,2976.1266337846114,2991.7451171875,1524217,3110.840234375,3094.933773522049,13.263652690028906,3307.587127877875,2914.093340872125,0.0005768701759589767,39,3078.3904714658893
2023-03-28,2996.2485101537086,3017.8556576449664,2980.1029776949676,2985.612548828125,1303530,3100.4942260742187,3084.522228313104,8.091576684620293,3300.8816821352957,2900.1067700131416,-0.0020498298214455257,40,3081.4101307299725
2023-03-29,2998.16468475299,3018.2865953889163,2974.3059414289796,3007.650634765625,1740616,3092.1603759765626,3077.2011241657247,16.669383790610993,3293.4804292916033,2890.840322661522,0.007381428627150521,41,3084.429789994055
2023-03-31,3056.5660976116405,3078.6523368551298,3020.202977207398,3071.84912109375,2382581,3083.5463012695313,3076.6914095874413,32.532756529070866,3271.806997427997,2895.2856051110657,0.02134506102073508,42,3087.4494492581384
2023-04-03,3090.1024993790315,3090.1024993790315,3041.0434133529666,3066.19580078125,1521830,3077.7277099609373,3075.6918277963755,36.98993522332058,3260.206907328494,2895.248512593381,-0.0018403639272774885,43,3090.469108522221
2023-04-05,3052.302228161837,3127.8553057844865,3052.302228161837,3104.331787109375,2655065,3072.8241943359376,3078.4194429690424,54.318056845641564,3246.242949570396,2899.4054391014793,0.012437557418351508,44,3093.488767786304
2023-04-06,3090.1502764519096,3121.1476914025166,3080.568415129578,3086.030029296875,1703464,3065.5826782226563,3079.1442607145505,53.74823010710481,3222.5285174507335,2908.636838994579,-0.005895554685390714,45,3096.508427050387
2023-04-10,3085.3596357446304,3135.1853193032393,3080.5687046332255,3126.94482421875,2203187,3059.498181152344,3083.696695333998,62.26532572777027,3194.459233864983,2924.5371284397047,0.013258067657623274,46,3099.52808631447
2023-04-11,3127.519847155725,3136.095567107047,3058.674073123863,3079.4189453125,2348779,3053.6029296875,3083.2892905700455,54.74551761795715,3172.5674224133213,2934.6384369616785,-0.015198822357898156,47,3102.547745578553
2023-04-12,3092.977143697257,3124.5972887695048,3065.237699579403,3106.104248046875,2417727,3049.322216796875,3085.462143663077,63.83846017611549,3152.471164804191,2946.173268789559,0.008665694148240366,48,3105.567404842636
2023-04-13,3075.7775061573952,3094.941228937192,3047.0319219876997,3055.511962890625,4174070,3044.8618408203124,3082.609745494272,61.15377720263841,3137.856890600574,2951.866791040051,-0.016288019047674407,49,3108.5870641067186
2023-04-17,3003.051717732093,3031.126388627835,2941.871430099495,3008.225830078125,5505048,3041.247106933594,3075.5255630736865,51.09965522860347,3134.0260829178496,2948.468130949338,-0.015475682434496374,50,3111.606723370802
2023-04-18,3023.0296128156765,3024.850307019976,2980.5341936880377,2999.841552734375,2617302,3037.9820922851563,3068.31756208899,50.765950721416104,3131.8105609667195,2944.153623603593,-0.0027871169976398935,51,3114.6263826348845
2023-04-19,2999.841129637909,3008.704351054231,2943.0686032684944,2960.411865234375,3298034,3033.4115356445313,3058.0408290552173,46.44986142059406,3133.1224145148194,2933.7006567742433,-0.013143923372906041,52,3117.6460418989677
2023-04-20,2960.795359944252,2982.833642558724,2949.2971255367015,2974.9765625,2419999,3029.84228515625,3050.129946526149,48.04945707181147,3132.663421260199,2927.021149052301,0.0049198212710419575,53,3120.6657011630505
2023-04-21,2979.959000812708,3032.1321911948435,2971.14373479931,3028.682861328125,1929184,3030.6830932617186,3048.08736698348,54.51076451035541,3133.159757665217,2928.20642885822,0.018052679642959424,54,3123.685360427133
2023-04-24,3019.340836965228,3047.942556651693,2995.4339024780243,3042.0498046875,1640676,3033.974475097656,3047.5123610505298,53.669277280059255,3133.2651307311276,2934.6838194641846,0.004413450985592204,55,3126.7050196912164
2023-04-25,3049.906766492714,3057.7638467830097,3015.8911553678345,3043.199462890625,2024090,3036.139990234375,3047.1016088448246,46.469082013678474,3134.181888362375,2938.098092106375,0.0003779222159194795,56,3129.724678955299
2023-04-26,3047.9907816424015,3074.2449940792617,3047.9907816424015,3064.423583984375,2000029,3039.661340332031,3048.751320762877,49.7896567571499,3136.3800449790156,2942.9426356850468,0.006974278667094103,57,3132.7443382193824
2023-04-27,3051.8230556915105,3065.429252983825,3038.0729901094796,3054.649658203125,2434446,3042.8928100585936,3049.313067185758,43.677602398992875,3136.9090207935483,2948.876599323639,-0.0031894826264656784,58,3135.763997483465
2023-04-28,3066.579208732105,3092.306603350754,3062.6028293314266,3084.64111328125,2931312,3047.5376098632814,3052.6776430043765,49.82835743892041,3140.0815720661526,2954.9936476604103,0.00981829618253749,59,3138.783656747548
2023-05-02,3099.7324667910652,3099.7324667910652,3075.7778109426026,3084.78466796875,2321159,3052.4962158203125,3055.7354549057454,44.20597171968778,3141.6344327510324,2963.3579988895926,4.653853794600593e-05,60,3141.803316011631
2023-05-03,3081.52689554675,3081.52689554675,3040.4685222866324,3046.936279296875,2468285,3054.460498046875,3054.8974381810913,45.41395368075638,3141.135112577609,2967.7858835161405,-0.012269377848275309,61,3144.822975275714
2023-05-04,3047.1755348483885,3089.623227292749,3045.115528236952,3086.030029296875,1953253,3055.169543457031,3057.862446858785,47.26177393250344,3142.671168107511,2967.667918806551,0.012830511181225468,62,3147.842634539797
2023-05-05,3085.3600018197003,3108.3564738829527,3075.8260945632524,3095.612548828125,1710027,3056.640380859375,3061.4576946653888,56.15898499663276,3145.893809610064,2967.386952108686,0.003105128414266689,63,3150.8622938038798
2023-05-08,3109.3144831731042,3118.7527116178644,3096.1873779042367,3114.680419921875,928235,3057.1578125,3066.526525642197,67.90192897002262,3147.686261389434,2966.629363610566,0.006159643945418347,64,3153.8819530679625
2023-05-09,3116.5965302685995,3160.0980902116808,3110.272407770502,3145.96484375,1107375,3060.1545532226564,3074.0920797477024,72.8155584069238,3158.350517417299,2961.9585890280136,0.010044184189179184,65,3156.9016123320457
2023-05-10,3152.433092894288,3168.243167676281,3129.4845765880814,3149.366943359375,1559987,3061.2756591796874,3081.2611143773856,83.24336258098657,3163.1263215369227,2959.424996822452,0.0010814169192430167,66,3159.9212715961285
2023-05-11,3170.6382829084228,3171.308966493105,3135.185391863511,3144.910888671875,1719623,3064.550256347656,3087.3229976435273,80.99961075180127,3172.8632635907,2956.237249104612,-0.0014149048896623384,67,3162.9409308602117
2023-05-12,3142.03622292428,3152.4326368954244,3123.687050540755,3137.38916015625,1027479,3066.114501953125,3092.0912035971196,73.84888136646296,3177.8052829902695,2954.4237209159805,-0.002391714354361696,68,3165.9605901242944
2023-05-15,3146.68328967496,3154.3487788093694,3112.524047292615,3118.94384765625,1150390,3069.286096191406,3094.6485982694176,66.50193962942704,3183.2877498579605,2955.284442524852,-0.005879191760540636,69,3168.980249388377
2023-05-16,3120.0458903175,3147.641699952838,3114.53631960982,3121.914306640625,986306,3074.9705200195312,3097.245332400009,66.76170037555991,3187.4805522140696,2962.460487824993,0.0009523925820618118,70,3171.9999086524604
2023-05-17,3119.8062799193326,3142.8507045854262,3064.5189835183965,3074.531982421875,1588815,3078.705041503906,3095.0821562116153,51.936742918941576,3185.5298439280245,2971.8802390797878,-0.015177330177821635,71,3175.019567916543
2023-05-18,3091.0607658843846,3093.9353245223087,3061.4049493895664,3066.05224609375,1369364,3083.987060546875,3092.3174028670564,52.195594801463315,3175.5393241802467,2992.4347969135033,-0.002758057608965081,72,3178.0392271806263
2023-05-19,3075.7777895784147,3099.253352146848,3069.118442085235,3088.090576171875,1152449,3089.6427612304688,3091.914847943706,50.68518793324352,3165.464493692708,3013.8210287682296,0.007187852100760006,73,3181.058886444709
2023-05-22,3094.9414530982,3170.1111143599232,3082.5329884859916,3160.768798828125,1333243,3096.2470581054686,3098.472367075555,61.716861187847904,3172.7191526008987,3019.7749636100384,0.023535003544599586,74,3184.078545708792
2023-05-23,3167.7637083398345,3188.7958495140924,3152.5286407020003,3159.18798828125,1687418,3102.103967285156,3104.2548071903834,69.48925084415568,3179.040115224819,3025.167819345493,-0.0005001348239900283,75,3187.098204972875
2023-05-24,3139.017880019707,3178.4951032750346,3139.017880019707,3165.224365234375,1016555,3108.205212402344,3110.061431766002,65.53279230169568,3184.8259485591107,3031.584476245577,0.0019107368651427592,76,3190.1178642369578
2023-05-25,3156.265225894755,3167.7634598688705,3130.4901116423134,3155.7861328125,1374917,3112.77333984375,3114.4161651990016,61.808838170655626,3189.2975141837014,3036.2491655037984,-0.0029818525743517954,77,3193.137523501041
2023-05-26,3155.786355641666,3199.048370451127,3153.390890061249,3189.7060546875,1791115,3119.526159667969,3121.5866308645727,63.91249351470137,3198.258253988761,3040.7940653471765,0.01074848562211339,78,3196.1571827651237
2023-05-29,3220.2722572334646,3231.0038959852955,3173.5127234588667,3181.513671875,1210372,3124.3697875976563,3127.2939681036614,57.20948748113555,3205.933838359774,3042.8057368355385,-0.0025683817480487425,79,3199.1768420292065
2023-05-30,3176.3875767448726,3187.837856215476,3163.308427354686,3177.537353515625,1344224,3129.007421875,3132.0790524286103,55.699830466277014,3211.635254098448,3046.379589651552,-0.0012498196674514128,80,3202.1965012932897
2023-05-31,3170.63799923585,3188.5560336176577,3128.6214426026954,3151.953369140625,5815424,3134.2582763671876,3133.9718444964215,51.31269977646879,3207.7707074235395,3060.7458453108356,-0.008051513335222915,81,3205.2161605573724
2023-06-01,3175.4288807489093,3200.341720489245,3159.618809375235,3185.0107421875,1177314,3139.207312011719,3138.8326918955718,58.10497938207728,3212.375263169919,3066.0393608535187,0.010487900414557272,82,3208.235819821455
2023-06-02,3187.167068059219,3196.413471955495,3159.5712568052554,3167.380615234375,2030661,3142.7957153320312,3141.5515417373626,58.26665877766601,3213.973856541889,3071.6175741221737,-0.005535343011438765,83,3211.2554790855384
2023-06-05,3176.387662869913,3187.885898753605,3147.6900292633068,3151.37890625,1861468,3144.6306396484374,3142.487481214757,54.81454236176546,3214.6395403898127,3074.621738907062,-0.0050520322399557616,84,3214.275138349621
2023-06-06,3142.851193560845,3151.3312362383067,3085.9350185674143,3097.145751953125,2022849,3142.1896850585936,3138.1692212850776,53.61419362894289,3215.336672825451,3069.042697291736,-0.0172093410250721,85,3217.2947976137043
2023-06-07,3116.979440643686,3141.7486453572315,3105.4812072321506,3137.963623046875,1567196,3141.619519042969,3138.149640500487,60.41635870729915,3214.708698052963,3068.530340032975,0.013179189603204522,86,3220.314456877787
2023-06-08,3124.6453452755513,3133.2690214814634,3097.816130412713,3101.121826171875,1759366,3139.430065917969,3134.623181993,51.80995475113123,3214.695196355295,3064.1649354806427,-0.01174067047954741,87,3223.3341161418703
2023-06-09,3109.3143800598436,3114.1053113080097,3071.3223888347616,3075.107177734375,1775689,3136.315966796875,3128.954991111226,36.33021603923396,3216.902377712223,3055.7295558815267,-0.008388786347556465,88,3226.353775405953
2023-06-12,3080.5689603108494,3118.3214070291806,3076.7362151036195,3111.135009765625,2324605,3135.9255249023436,3127.2578500306927,43.09130464389286,3216.9408540446157,3054.9101957600715,0.011715959785763896,89,3229.3734346700357
2023-06-13,3123.6873310981814,3128.4782625875955,3103.5654188426406,3108.06884765625,1371928,3135.233251953125,3125.430325995031,41.711823279216205,3216.9859500054145,3053.4805539008357,-0.0009855445359171489,90,3232.393093934119
2023-06-14,3108.068565901126,3119.710668724335,3090.9650823937163,3115.111328125,1658544,3137.2622192382814,3124.4475642931234,44.06043804821981,3214.5648450742456,3059.9595934023173,0.0022658701637388035,91,3235.4127531982017
2023-06-15,3132.728188760698,3134.803516025978,3098.652615974006,3104.734130859375,2273810,3139.1963134765624,3122.57009444229,36.67579588427205,3210.716583203008,3067.6760437501166,-0.003331244431598268,92,3238.4324124622844
2023-06-16,3086.103762114178,3088.4204176198878,3046.5259534664833,3064.770263671875,4156189,3138.0302978515624,3117.0653486546316,33.352550725909154,3213.6988358711465,3062.3617598319784,-0.012871912860518697,93,3241.4520717263676
2023-06-19,3079.3460545933863,3103.382235170812,3064.8663709510975,3099.038330078125,1468186,3134.9437744140623,3115.3484897425833,39.69629693246186,3211.7346838324365,3058.152864995688,0.01118128389995321,94,3244.4717309904504
2023-06-20,3102.514036857013,3120.372316160639,3090.0132884788686,3115.73876953125,1528452,3132.7713134765627,3115.3856592462657,45.13300526876337,3209.131493896232,3056.4111330568935,0.005388910260010871,95,3247.4913902545336
2023-06-21,3137.264906369424,3148.2693720799116,3112.1184743701356,3145.180419921875,1645987,3131.7691162109377,3118.2232555010855,44.59454355211828,3206.851336192393,3056.6868962294825,0.009449332106572728,96,3250.5110495186163
2023-06-22,3146.918278138027,3154.3028233869586,3118.0555329846256,3126.1640625,1529603,3130.2880126953123,3118.9795228343155,44.42738264603847,3204.5394915543257,3056.036533836299,-0.006046189688013959,97,3253.5307087826995
2023-06-23,3125.0059630289074,3136.686101977348,3097.8322768407356,3104.78271484375,1119505,3126.041845703125,3117.627445882833,43.79036823508742,3195.5476316907757,3056.5360597154745,-0.006839483542380509,98,3256.5503680467823
2023-06-26,3093.82593893855,3102.4171241881954,3062.9359451644364,3079.00830078125,1978803,3120.9165771484377,3113.9494320636345,47.384530457540826,3188.2838675891517,3053.5492867077237,-0.008301519439435912,99,3259.570027310865
2023-06-27,3090.930258714912,3098.3148041960208,3071.91365185284,3086.441650390625,863542,3116.3617919921876,3111.3296433328715,41.77883566553433,3179.8148132440147,3052.9087707403605,0.0024142025234192843,100,3262.5896865749482
2023-06-28,3096.722044286455,3118.8759157668924,3082.628389591678,3103.91357421875,1575872,3113.9598022460937,3110.6233510362886,50.474819809308045,3175.3432643090146,3052.5763401831728,0.005660863158036378,101,3265.609345839031
2023-06-30,3108.3059357611287,3195.184051978055,3102.6106868556976,3187.702880859375,2672406,3114.0944091796873,3117.9642586384875,66.00487511677653,3176.1421122487877,3052.046706110587,0.026994729278734697,102,3268.6290051031137
2023-07-03,3199.334868004802,3203.6787737145796,3155.3648419636565,3158.791748046875,1687264,3113.6649658203123,3121.852590963096,56.91403449614489,3174.261738065159,3053.0681935754656,-0.009069582044831548,103,3271.648664367197
2023-07-04,3175.877741910492,3200.010551499478,3163.6183217736816,3194.073974609375,1656681,3115.7997192382813,3128.730817977027,61.41094187392662,3184.4620904231188,3047.137348053444,0.011169532332834464,104,3274.6683236312797
2023-07-05,3204.836886968908,3213.524697807077,3190.357202238627,3204.78857421875,1453008,3121.1818603515626,3135.974413809572,61.78333078836982,3199.835896598829,3042.527824104296,0.003354524564724626,105,3277.687982895363
2023-07-06,3191.8537582975628,3212.9940055552815,3187.461539750127,3207.636474609375,1848238,3124.6655029296876,3142.799371980982,63.79400626000626,3212.1276513627436,3037.2033544966316,0.00088863908637693,106,3280.7076421594456
2023-07-07,3187.4613519725726,3240.4569052577854,3187.4613519725726,3213.76611328125,1789326,3130.297717285156,3149.558109247674,71.96526944469838,3225.53803102867,3035.057403541642,0.0019109517928217468,107,3283.7273014235284
2023-07-10,3209.4226473142967,3209.4226473142967,3151.9382423642533,3158.4541015625,1407431,3134.4650634765626,3150.405346610991,58.247464255577285,3226.7864224734594,3042.1437044796658,-0.017210963638631616,108,3286.7469606876116
2023-07-11,3180.704092138394,3180.704092138394,3147.690457952259,3158.887939453125,1110172,3136.8527099609373,3151.213212595956,56.272781284759766,3229.1035426812246,3044.60187724065,0.00013735766823730344,109,3289.7666199516943
2023-07-12,3167.1414046444834,3175.0569185227832,3137.3616610182034,3146.821533203125,1515240,3138.7903442382812,3150.7949574156864,50.25126943020676,3230.1189064730006,3047.461782003562,-0.003819827256071995,110,3292.7862792157775
2023-07-13,3170.0858542122637,3250.6411251454747,3159.226089943114,3224.67431640625,4585146,3144.2684936523438,3157.831086843359,62.78023212944111,3242.4996531214247,3046.037334183263,0.02474013298233646,111,3295.8059384798603
2023-07-14,3248.275734603056,3402.5809926686507,3235.726675301469,3392.734619140625,6306101,3158.6685180664062,3180.2028518240513,77.0590883082905,3305.1067205106574,3012.230315622155,0.0521169849244405,112,3298.825597743943
2023-07-17,3388.246317666134,3426.762185811846,3356.4393231574772,3370.5810546875,2743228,3173.9590576171877,3198.334109239618,77.5870751115234,3341.463167791745,3006.4549474426303,-0.0065297074307381076,113,3301.8452570080262
2023-07-18,3355.425876720246,3401.7608715656347,3344.807440401511,3375.552734375,2600090,3187.784777832031,3215.212073538226,77.48218251693561,3373.8677317164,3001.701823947662,0.0014750215487582263,114,3304.864916272109
2023-07-19,3378.5931863233973,3394.8587935034802,3326.1283664327066,3349.68212890625,2405370,3199.4819458007814,3228.018745478038,72.99498466343154,3395.635088122671,3003.328803478892,-0.00766410940800788,115,3307.884575536192
2023-07-20,3341.988364012803,3366.957998434333,3325.48694118173,3351.860107421875,1715404,3209.8159301757814,3239.8131609012603,68.127516033055,3415.470666985376,3004.161193366187,0.0006502045363738773,116,3310.904234800275
2023-07-21,3294.516404269076,3324.3735882172123,3250.9643894439278,3259.916748046875,3770223,3216.503564453125,3241.727788248462,59.802412549117605,3419.3848385801725,3013.6222903260773,-0.02743054794304034,117,3313.9238940643577
2023-07-24,3272.208064842772,3303.6138595568696,3263.5945386003787,3285.515625,1680132,3225.5402099609373,3245.898058415275,59.03335209729475,3423.5097722849027,3027.570647636972,0.0078526167787758,118,3316.943553328441
2023-07-25,3288.1773571100543,3297.1781547485116,3271.4339784982694,3289.774169921875,1272980,3236.078503417969,3250.076735701618,58.504044845332366,3423.3554105602598,3048.801596275678,0.0012961572574701208,119,3319.9632125925236
2023-07-26,3290.935502343613,3310.775864618234,3276.0793316874756,3279.273193359375,1066803,3245.720080566406,3252.8573507166425,57.0601619036528,3419.9615542768493,3071.478606855963,-0.0031920052927977283,120,3322.982871856607
2023-07-27,3285.709228768211,3301.871818636868,3276.127879716648,3287.596435546875,1701769,3254.9042236328123,3256.1658349861887,57.24502649962075,3416.584875211213,3093.2235720544118,0.0025381362566421206,121,3326.0025311206896
2023-07-28,3276.079528479848,3284.4995379135125,3223.817107641469,3247.431884765625,2599831,3257.890673828125,3255.334030203278,58.998986156317606,3416.5226178352896,3099.25872982096,-0.01221699547638333,122,3329.0221903847723
2023-07-31,3256.142121096622,3316.389075359419,3252.754742142087,3311.3564453125,2743678,3265.518908691406,3260.6694983089183,63.66529906674982,3418.6639291746915,3112.3738882081207,0.019684650152866467,123,3332.0418496488555
2023-08-01,3305.1138091135126,3348.6658212394595,3305.1138091135126,3340.9716796875,1956167,3272.8637939453124,3268.3173251068783,66.87040843818482,3425.6715041576235,3120.0560837330013,0.008943535636860567,124,3335.0615089129383
2023-08-02,3324.4219354262386,3335.503456081977,3303.759066285666,3329.9384765625,1914899,3279.1212890625,3274.1860061978896,60.348490696098146,3430.4338560285178,3127.8087220964826,-0.0033023934899178986,125,3338.081168177021
2023-08-03,3309.9532298664494,3322.7768790757273,3259.62645561117,3290.54833984375,2026351,3283.266882324219,3275.7443236879717,36.5518362604816,3430.829801144486,3135.703963503952,-0.011829088433913837,126,3341.1008274411042
2023-08-04,3291.8061794082446,3359.3117967588437,3291.8061794082446,3332.7451171875,2248493,3289.2158325195314,3281.172970687927,45.27014984044203,3434.557759646884,3143.873905392179,0.01282363089239813,127,3344.120486705187
2023-08-07,3342.8105859551206,3375.7649904149553,3330.519287060053,3371.942138671875,1853889,3299.890234375,3289.8176533530645,49.584219632345466,3435.8518886498514,3163.928580100149,0.01176118188043529,128,3347.14014596927
2023-08-08,3371.9422149162706,3377.6522734682326,3345.3755330785716,3358.925048828125,1634225,3309.89208984375,3296.399310064975,51.096844099744175,3430.7740977300023,3189.0100819574977,-0.003860413170932109,129,3350.159805233353
2023-08-09,3353.408128734616,3355.440650524594,3314.8405433859634,3351.08544921875,1794589,3320.1052856445312,3301.607513793906,49.909291282757906,3414.615528185661,3225.5950431034016,-0.002333960864089546,130,3353.179464497436
2023-08-10,3338.9877445254015,3353.408205777693,3319.6797322161924,3331.342041015625,1096701,3325.438671875,3304.439373529308,60.06547973747553,3408.635556745156,3242.2417870048444,-0.005891645707729709,131,3356.199123761519
2023-08-11,3327.4707621169023,3355.101906546515,3304.146144439249,3337.826416015625,1679974,3322.69326171875,3307.619091861338,57.791562210677824,3399.9517397007608,3245.434783736739,0.001946475300393713,132,3359.2187830256016
2023-08-14,3329.986811695672,3343.8267206328173,3301.2425308476236,3338.842529296875,1190425,3321.106335449219,3310.592752569484,57.379892781082475,3395.4729032399923,3246.7397676584455,0.0003044236441938075,133,3362.238442289685
2023-08-16,3338.987573140182,3354.472732899673,3324.663753105696,3347.1171875,1328445,3319.6845581054686,3314.0712701819143,60.27254559985686,3390.679087881059,3248.6900283298783,0.002478301426472873,134,3365.2581015537676
2023-08-17,3343.826872942134,3349.440290926464,3303.37184354654,3325.1962890625,1843241,3318.4602661132812,3315.1307957895892,55.4679938676837,3388.1084157956197,3248.8121164309428,-0.006549187617142516,135,3368.2777608178503
2023-08-18,3300.27486357317,3300.27486357317,3248.4963576490745,3258.75537109375,2526749,3313.805029296875,3309.761707723319,51.52981222438081,3386.4357580059323,3241.174300587818,-0.01998105140057227,136,3371.2974200819335
2023-08-21,3266.4009838975485,3300.0328162502715,3263.4975163563063,3292.193359375,1375579,3315.4188598632813,3308.088531690146,47.17864146906757,3384.3480172636346,3246.489702462928,0.010260969134981979,137,3374.3170793460163
2023-08-22,3290.5965270622437,3301.242574649798,3256.771177666018,3273.32080078125,1222012,3314.809118652344,3304.777319222632,39.714482973653155,3385.0552183019736,3244.563019002714,-0.005732518273875886,138,3377.3367386100995
2023-08-23,3278.9826513416833,3292.5321664298717,3267.368781266093,3288.90283203125,1330046,3314.7655517578123,3303.265463299643,43.84613469511489,3385.078076685345,3244.4530268302797,0.004760312904949826,139,3380.356397874182
2023-08-24,3298.339128569847,3303.226679523777,3269.4013299076382,3278.74072265625,1152881,3314.7389282226563,3300.929773714558,48.0591423049511,3385.1084186942703,3244.3694377510424,-0.0030898174540242573,140,3383.3760571382654
2023-08-25,3266.4009619630024,3276.853492298242,3242.447354908607,3272.498291015625,1158046,3313.984020996094,3298.222013457517,38.76960884702028,3385.8867600895915,3242.0812819025964,-0.0019039113393412022,141,3386.395716402348
2023-08-28,3284.7896278189037,3284.7896278189037,3251.9805389553726,3266.933349609375,1037485,3314.959094238281,3295.2421407100746,27.61952632794889,3383.5126951771404,3246.405493299422,-0.0017005177425235551,142,3389.415375666431
2023-08-29,3272.256632643452,3280.483124702364,3256.7230327340726,3267.51416015625,944517,3312.766979980469,3292.6013806573296,29.42705271220545,3384.5341728230283,3240.9997871379096,0.0001777846330854871,143,3392.435034930514
2023-08-30,3288.6608423400667,3298.435944066353,3274.1919432777236,3281.837646484375,1188200,3309.8102783203126,3291.5762631170483,34.85703180974164,3381.557340231454,3238.063216409171,0.004383603444717776,144,3395.454694194597
2023-08-31,3291.5645757689413,3307.436771476309,3236.059856609223,3248.786865234375,3417652,3305.7526977539064,3287.5010823663174,32.939909832459506,3381.7592454224186,3229.746150085394,-0.010070815442502212,145,3398.4743534586796
2023-09-01,3257.690610274266,3279.9505282886175,3248.7866903254844,3270.4658203125,1277950,3304.748571777344,3285.87867645643,36.902403062430636,3382.119249564456,3227.3778939902318,0.0066729385390325024,146,3401.494012722763
2023-09-04,3269.3046506485853,3322.389813276207,3261.6105084524215,3308.50146484375,1828332,3303.5363891601564,3288.033227731413,44.8429056703679,3379.812126322518,3227.260651997795,0.011630038844929969,147,3404.5136719868456
2023-09-05,3309.952962342964,3336.084169940408,3295.580703650453,3319.002197265625,1501842,3300.8893920898436,3290.982653401338,45.25716394391906,3370.5580154929266,3231.2207686867605,0.0031738636157354616,148,3407.5333312509288
2023-09-06,3323.502590742173,3333.0839393407605,3288.757856191549,3319.534423828125,1314818,3298.9198608398438,3293.701869632461,48.97059097692429,3363.7387581026933,3234.100963576994,0.00016035739986497433,149,3410.5529905150115
2023-09-07,3320.4058761077613,3348.666249219937,3312.1793838770186,3344.069091796875,1885092,3298.56904296875,3298.498747933834,68.29986122384855,3362.265391426903,3234.8726945105973,0.007390996699005781,150,3413.5726497790947
2023-09-08,3344.06896343331,3353.5052335710643,3324.5189946100018,3331.1484375,1518917,3298.559362792969,3301.6082421782303,59.162363793388586,3362.2347955598125,3234.883930026125,-0.003863752195960801,151,3416.5923090431775
2023-09-11,3350.601571663428,3373.5389181812875,3334.1485887869753,3368.6513671875,1783604,3300.1006103515624,3307.9933017029225,70.61536609626143,3369.0516108576085,3231.1496098455164,0.011258258342773164,152,3419.61196830726
2023-09-12,3379.6364101974254,3474.38614516756,3370.92600707836,3465.5791015625,4476016,3306.4374389648438,3323.0014731181204,78.2629479831094,3406.6075354256864,3206.267342504001,0.02877345376821383,153,3422.6316275713434
2023-09-13,3456.191566196329,3473.370418264981,3430.931300471592,3453.046142578125,1754929,3311.73388671875,3335.386679733359,77.67376849782433,3430.4462342579,3193.0215391796,-0.0036164111731642468,154,3425.651286835426
2023-09-14,3455.175051980262,3481.935251826529,3431.5118371357175,3445.496826171875,2604721,3317.748913574219,3345.873360346551,77.35277178603909,3450.6736082499724,3184.8242188984655,-0.002186277302571371,155,3428.670946099509
2023-09-15,3453.045720255974,3491.27471032473,3447.8193368048096,3482.515869140625,2952897,3328.9369384765623,3358.8869326126533,81.0021219853694,3477.680520188581,3180.1933567645438,0.010744181416031173,156,3431.690605363592
2023-09-18,3464.853011461987,3502.840044840026,3460.2074161740843,3490.113037109375,1395753,3338.8329223632813,3371.3846568504364,81.37791430382613,3502.8362191536667,3174.829625572896,0.002181517114127285,157,3434.710264627675
2023-09-20,3464.804776532169,3508.3567918796407,3464.804776532169,3490.0166015625,1649396,3349.6677124023436,3382.6829372992042,80.57146012162602,3523.7686811286126,3175.5667436760746,-2.7631066916611324e-05,158,3437.729923891758
2023-09-21,3473.079505179387,3489.000138164539,3414.4778051163644,3469.93408203125,2004073,3358.719274902344,3390.9925701308275,83.76180128737928,3538.2572568288465,3179.181292975841,-0.005754276218129961,159,3440.749583155841
2023-09-22,3468.6762279183363,3516.8254026780846,3450.3360367492246,3487.69384765625,1989083,3369.1669311523438,3400.202215609439,83.56513197206647,3553.3669164131893,3184.966945891498,0.005118185304143763,160,3443.769242419924
2023-09-25,3486.5807832047026,3503.5176780571887,3444.1416693032643,3462.04638671875,1238778,3378.6443359375,3406.092136667469,74.66952749295908,3561.4016426294484,3195.8870292455513,-0.007353701918170197,161,3446.7889016840068
2023-09-26,3452.803842583561,3479.2736476984583,3422.2205553240965,3470.3212890625,1726062,3388.8137329101564,3412.209198800329,74.48705052968103,3567.9979039869586,3209.6295618333543,0.002390176623714435,162,3449.8085609480895
2023-09-27,3474.482848429234,3497.7105889201257,3441.2864887207083,3473.805419921875,1541134,3399.1282958984375,3418.0755055738096,74.7284888671826,3572.5704084009376,3225.6861833959374,0.0010039793348115555,163,3452.8282202121727
2023-09-28,3484.16131180639,3486.871262305868,3413.8490954028885,3422.946533203125,1755753,3406.183740234375,3418.5394129670776,61.659501922788216,3570.791674072774,3241.5758063959756,-0.014640683795091203,164,3455.8478794762555
2023-09-29,3423.381970277491,3453.6264257925736,3392.750480245738,3415.058837890625,2243791,3414.4973388671874,3418.2079296264633,62.590805151834644,3561.48648210837,3267.5081956260046,-0.0023043583170195836,165,3458.867538740338
2023-10-03,3420.478494882021,3420.478494882021,3368.119435382542,3400.783447265625,1948148,3421.013220214844,3416.5484551159075,55.18270376527979,3551.7773287519512,3290.2491116777364,-0.004180130212285693,166,3461.8871980044214
2023-10-04,3374.1196419410794,3433.834243163027,3365.4092394076893,3423.9140625,1788138,3426.7838500976563,3417.24994153344,41.1799971058235,3546.3488192602413,3307.2188809350714,0.006801554874942939,167,3464.906857268504
2023-10-05,3439.6413818603187,3507.388961131625,3436.931431432505,3473.85400390625,2990768,3434.5264404296877,3422.6408046165648,53.80256076896239,3544.3633763923413,3324.689504467034,0.014585629339594508,168,3467.9265165325874
2023-10-06,3475.4508469955413,3517.9866016671385,3460.0141242693285,3504.87255859375,2075691,3443.793347167969,3430.4724002334397,59.993474735969244,3543.5959160956095,3343.9907782403284,0.008929147469243226,169,3470.94617579667
2023-10-09,3527.7614631249207,3560.6189898569937,3514.1635096957716,3521.277099609375,4233074,3452.6537475585938,3439.1204668406717,57.01032876121982,3546.4635175728226,3358.843977544365,0.00468049572170659,170,3473.9658350607533
2023-10-10,3522.922711444885,3530.6168538777047,3485.4680239855466,3512.13134765625,1848148,3461.7028930664064,3446.073884061203,53.96003389785855,3539.7549679443773,3383.6508181884356,-0.0025972826603563037,171,3476.985494324836
2023-10-11,3532.5522093310296,3532.5522093310296,3489.000195791332,3493.742431640625,2426417,3467.9574462890623,3450.6137457354334,50.62872793519666,3533.6892093535666,3402.225683224558,-0.005235828104178553,172,3480.005153588919
2023-10-12,3459.9653624997713,3473.176044824493,3424.2528075378136,3428.5595703125,4241281,3466.1064697265624,3448.5133480761065,43.94045361320164,3534.163985699724,3398.048953753401,-0.018657031135954627,173,3483.024812853002
2023-10-13,3416.413814741517,3461.9014774307097,3411.574701689475,3455.949462890625,2890357,3466.2516357421873,3449.2215494870134,45.478388417997564,3534.204161292674,3398.2991101917005,0.007988746298967841,174,3486.0444721170848
2023-10-16,3451.254890069347,3459.6264598288785,3405.8641112393857,3410.65478515625,1671104,3464.5095336914064,3445.548524312655,43.067868367876535,3536.3762106849435,3392.6428566978693,-0.013106290534841802,175,3489.0641313811675
2023-10-17,3416.4133831427866,3420.4297519546626,3390.6210083477054,3394.201904296875,1672065,3460.0938354492187,3440.6583700254378,39.95401436664392,3537.908538849961,3382.279132048476,-0.004823965454076706,176,3492.0837906452507
2023-10-18,3398.0250930146203,3409.3485699924263,3371.8938832420786,3375.039306640625,1408245,3454.3401489257812,3434.40893541736,37.48316840015643,3539.4813697430736,3369.198928108489,-0.005645685847972426,177,3495.1034499093334
2023-10-19,3366.548984827412,3373.6809818883803,3349.471137616715,3353.10986328125,1514545,3447.4948120117188,3426.6661666424925,40.44913132640585,3542.0524738965205,3352.937150126917,-0.006497537174227075,178,3498.123109173416
2023-10-20,3348.015399624975,3395.6585388925573,3341.8539667599803,3390.85546875,1481211,3443.540881347656,3423.2556239860646,46.93985903293656,3540.724692282895,3346.357070412417,0.011256894944627005,179,3501.1427684374994
2023-10-23,3369.9448486230003,3375.718245484854,3300.37246708019,3308.959716796875,1106272,3434.6041748046873,3412.3702994918563,40.08558697247552,3546.457088752849,3322.7512608565257,-0.024151944165085593,180,3504.162427701582
2023-10-25,3289.8931629320496,3323.3694390332607,3276.9877685340816,3289.505126953125,1518537,3425.9771118164062,3400.6688544881677,35.371443360274895,3554.3185458941844,3297.635677738628,-0.005879367386975143,181,3507.1820869656653
2023-10-26,3268.109314146672,3273.5915659558614,3231.1883310329567,3237.738037109375,1984471,3414.34794921875,3385.1516337854255,24.403838427788102,3565.833597187122,3262.8623012503776,-0.015737044888481044,182,3510.201746229748
2023-10-27,3250.594594393745,3262.238515328887,3237.980346714008,3251.516357421875,1108851,3403.23349609375,3372.424464607944,21.468441296715326,3568.3560008025574,3238.1109913849427,0.0042555389455785075,183,3513.2214054938313
2023-10-30,3250.5947303259786,3282.470059977352,3234.8269200669347,3278.297607421875,910972,3396.0010498046877,3363.4600020187945,23.261913128701437,3569.9248409050274,3222.077258704348,0.008236541679659481,184,3516.241064757914
2023-10-31,3298.140715082908,3298.140715082908,3250.643266727133,3268.788330078125,999811,3388.6875244140624,3354.443652310159,23.243316956469684,3571.3204193450274,3206.0546294830974,-0.002900675436611211,185,3519.260724021997
2023-11-01,3255.446399892335,3271.553919461009,3212.752020877354,3231.81884765625,1563475,3380.239294433594,3342.765099485977,22.33086930215356,3575.6978357792773,3184.7807530879104,-0.011309842880218413,186,3522.28038328608
2023-11-02,3243.9963552576946,3275.7745564381084,3243.9963552576946,3260.39501953125,1245384,3372.063342285156,3334.920329966479,30.746296859486392,3573.420546523745,3170.706138046567,0.00884213293567604,187,3525.3000425501627
2023-11-03,3281.645029764771,3287.369862763726,3245.063759100798,3251.4677734375,1402598,3360.9440307617188,3326.97246743991,25.554759740801785,3563.1927615372733,3158.695299986164,-0.0027380872686505464,188,3528.3197018142455
2023-11-06,3274.852806008362,3291.6395062895076,3259.3275778909892,3279.947021484375,1099852,3349.69775390625,3322.493853539383,33.71968912326753,3543.0679348939707,3156.3275729185293,0.008758889840315476,189,3531.3393610783287
2023-11-07,3277.764247850636,3303.13820136962,3266.120325122925,3270.438232421875,1191144,3337.155810546875,3317.5361753377156,34.31325465246533,3515.634009576299,3158.6776115174507,-0.0028990678813454185,190,3534.3590203424114
2023-11-08,3271.4081010788814,3301.0030671996815,3269.5645749970417,3281.20849609375,992899,3325.60966796875,3314.0763963621,37.84866276514685,3485.317372031582,3165.9019639059175,0.0032932172713437957,191,3537.3786796064946
2023-11-09,3289.504941002282,3290.863303747934,3242.8806914278243,3248.120361328125,2112352,3313.328564453125,3307.794869216007,36.78550291585056,3455.4001345217075,3171.256994384543,-0.010084130528436708,192,3540.3983388705774
2023-11-10,3238.9509230792783,3248.120464143148,3223.765403114512,3234.535888671875,1338557,3303.6273803710938,3300.817823449899,29.05069242633543,3438.9036387983415,3168.351121943846,-0.0041822565499682884,193,3543.4179981346606
2023-11-13,3256.416580383934,3256.416580383934,3228.277104570128,3232.692138671875,1030990,3292.4645141601563,3294.3296629948495,36.9867464700021,3410.5733078947396,3174.355720425573,-0.0005700199544723672,194,3546.4376573987433
2023-11-15,3282.712567265491,3311.725242726036,3256.4651809422935,3303.283447265625,2059802,3287.095947265625,3295.182404353971,52.00164569353214,3391.557164388457,3182.634730142793,0.02183669386555076,195,3549.457316662826
2023-11-16,3328.2694142210626,3424.6229107125264,3312.8896400222175,3394.0576171875,3951984,3287.088732910156,3304.5990912904977,70.39756918228775,3391.5188200278353,3182.658645792477,0.02747998207571789,196,3552.4769759269093
2023-11-17,3394.057878846559,3419.9169947305995,3388.915099144415,3398.521240234375,2021292,3288.262829589844,3313.544057856581,69.6600407480932,3397.283479407793,3179.242179771895,0.0013151288370212288,197,3555.496635190992
2023-11-20,3387.653493546394,3429.0378374559446,3387.653493546394,3415.162353515625,1475621,3291.3654541015626,3323.2219907764897,68.81421051854377,3411.156465739383,3171.5744424637423,0.0048965747467573095,198,3558.516294455075
2023-11-21,3415.1622294943054,3434.035037985227,3397.114056628635,3406.041015625,1807236,3292.1247314453126,3331.1095169525383,68.88768388368251,3414.7303482849934,3169.519114605632,-0.0026708358041119817,199,3561.535953719158
2023-11-22,3396.1439107066954,3427.824987000951,3377.804828347359,3425.399169921875,1798051,3297.9467041015623,3340.089483901999,77.99606101542193,3434.215327350518,3161.678080852607,0.005683476566509471,200,3564.5556129832407
2023-11-23,3425.25328759108,3438.8378615362003,3396.1434862801075,3404.148681640625,2729804,3303.6788818359373,3346.190359877106,71.24006651780722,3447.8672429745043,3159.4905206973704,-0.0062037990981748115,201,3567.575272247324
2023-11-24,3390.5643912494115,3400.5588045812483,3350.53841109944,3354.516845703125,1989733,3309.517822265625,3346.9833585272027,63.59103850347207,3451.9096357701446,3167.1260087611054,-0.014579808515760795,202,3570.5949315114067
2023-11-28,3354.5168681622845,3377.9501655757736,3331.131897571743,3367.179443359375,1689195,3315.3009765625,3348.9067951778857,62.0058923305619,3457.1682835622473,3173.433669562753,0.003774790301759756,203,3573.61459077549
2023-11-29,3377.707636711802,3413.6097287998045,3372.6619846624567,3409.48583984375,1441634,3321.860388183594,3354.6762280032062,67.55263117343401,3468.572496036257,3175.148280330931,0.012564342707606535,204,3576.6342500395726
2023-11-30,3395.610046760085,3412.2996202124623,3377.707564817038,3384.11181640625,3266235,3327.6265625,3357.4796173749246,62.528058628265974,3474.620815122684,3180.6323098773164,-0.007442184725032552,205,3579.6539093036554
2023-12-01,3396.143785633172,3412.5907774443576,3386.489081393253,3407.447998046875,1172141,3336.4080200195312,3362.2385107722534,69.86928892591132,3480.2535419631245,3192.562498075938,0.006895806907883717,206,3582.6735685677386
2023-12-04,3439.468841218076,3442.5255128152107,3394.2031901727914,3408.224365234375,1625213,3343.7994873046873,3366.618115959122,72.37496115829427,3486.385913760292,3201.2130608490825,0.00022784417779675437,207,3585.6932278318213
2023-12-05,3433.0159043966464,3433.0159043966464,3398.860451539939,3426.805908203125,1377656,3352.5663940429686,3372.3502866490267,73.97240861968325,3492.7913788608757,3212.3414092250614,0.005451971753471119,208,3588.712887095904
2023-12-06,3427.7764215249854,3505.645144341894,3420.5472976156907,3497.15478515625,1896572,3363.4267822265624,3384.2364293640003,73.95681421738666,3513.2847775969676,3213.568786856157,0.020528993715320576,209,3591.7325463599873
2023-12-07,3498.0278932478222,3522.8197888025034,3485.1225002430124,3507.634033203125,1967653,3375.286572265625,3395.9885821105836,67.5092945757616,3531.5646696178155,3219.008474913435,0.0029965067864179407,210,3594.75220562407
2023-12-08,3525.197090292315,3536.8410113172276,3495.165524694797,3519.083984375,1641155,3387.1803466796873,3407.7119537548137,68.19440872638955,3549.405843766466,3224.9548495929084,0.003264294696507797,211,3597.7718648881532
2023-12-11,3515.396444856869,3544.6033727717618,3507.7309588201256,3534.802978515625,1102503,3401.5144775390627,3419.815860874891,68.10564086951767,3562.662789288351,3240.366165789774,0.00446678573470205,212,3600.791524152236
2023-12-12,3530.970488905042,3588.656366966414,3523.2564386013037,3563.136962890625,2236866,3417.94453125,3433.465489638294,72.46740042053162,3574.3466732703105,3261.54238922969,0.008015718145314654,213,3603.811183416319
2023-12-13,3535.4340618974347,3541.6926220283585,3457.274195147135,3486.917724609375,3850968,3430.655810546875,3438.556178683159,57.56742146675476,3563.1620667285347,3298.149554365215,-0.021391049256612504,214,3606.830842680402
2023-12-14,3522.2862354018253,3568.8619211592045,3519.9575458724316,3558.430908203125,3290396,3443.41318359375,3449.9728195898224,66.88978263565494,3573.3911638881054,3313.4352032993947,0.020508996552753844,215,3609.8505019444847
2023-12-15,3557.897102757953,3780.3445136912032,3557.897102757953,3746.431640625,8531230,3461.031884765625,3478.206993021744,82.9284092330982,3646.5176758022494,3275.5460937290004,0.05283248073989122,216,3612.870161208568
2023-12-18,3743.617841274432,3812.413915155438,3716.497018281129,3744.68505859375,2521612,3478.3400756835936,3503.5858564095543,82.31043416082176,3700.285408734344,3256.394742632843,-0.00046619882565335224,217,3615.8898204726506
2023-12-19,3730.9066415757507,3740.7070372652865,3677.538666208607,3702.961181640625,2004435,3492.730017089844,3522.5739826220374,75.14341519981492,3733.9137339133526,3251.546300266335,-0.011142159166996457,218,3618.9094797367334
2023-12-20,3713.6829184719973,3783.1098422812192,3654.7841342747074,3667.883544921875,2586083,3505.8221435546875,3536.4129885553552,73.91443360438288,3755.4708355910293,3256.1734515183457,-0.009472861042310043,219,3621.9291390008166
2023-12-21,3644.789838029213,3693.742774963741,3632.2727177698935,3675.112548828125,1517562,3518.3078125,3549.622470486095,73.18649628120707,3775.873247361402,3260.7423776385986,0.0019708924282120233,220,3624.9487982648993
2023-12-22,3687.241456099634,3731.8279205382373,3650.3690415386377,3710.529296875,2413058,3533.626843261719,3564.9469301421814,74.70459020907029,3798.9322742752543,3268.3214122481836,0.00963691521724086,221,3627.968457528982
2023-12-26,3706.5028160720394,3720.2328451421417,3677.6839214166666,3682.923828125,1285231,3550.0471923828127,3576.1828251881643,70.62594350028331,3809.2584481706353,3290.83593659499,-0.007439765742652704,222,3630.9881167930653
2023-12-27,3686.2714356682204,3704.9016624571404,3656.191305500883,3698.109375,1293976,3566.5936889648438,3587.794877551196,67.76158038382329,3818.80947884553,3314.3778990841574,0.004123231319375753,223,3634.0077760571485
2023-12-28,3710.529500738545,3724.1140752705373,3679.576172099119,3687.14453125,1682889,3580.4766235351562,3597.2567493320344,65.85261418560759,3826.77799393284,3334.1752531374723,-0.0029649863316981717,224,3637.027435321231
2023-12-29,3679.479039650874,3709.1711329888067,3653.6682533167923,3680.83740234375,1574996,3595.3129028320313,3605.2168115236263,64.41542154330314,3827.1325145589262,3363.4932911051364,-0.0017105727352955125,225,3640.047094585314
2024-01-01,3677.538704337261,3718.2924314037955,3661.043148143664,3698.0126953125,825907,3609.8411376953127,3614.054514741614,64.50754927198255,3828.111473009589,3391.570802381036,0.00466613737347199,226,3643.066753849397
2024-01-02,3698.012444542969,3698.012444542969,3655.463520958684,3670.940185546875,1344068,3622.9769287109375,3619.4721976754486,59.60405945633213,3820.824292616157,3425.129564805718,-0.007320826615858089,227,3646.08641311348
2024-01-03,3655.2209469515005,3659.9271265500897,3577.64336897667,3582.203857421875,1803075,3630.746826171875,3615.9228319370127,58.30373175609548,3807.2055287174717,3454.2881236262783,-0.024172643420988016,228,3649.1060723775627
2024-01-04,3591.9070128374906,3608.645149116668,3542.662930740779,3557.994140625,3598144,3633.7887939453126,3610.405813716821,49.958517769651884,3802.477232114761,3465.100355775864,-0.006758330279477365,229,3652.125731641646
2024-01-05,3565.9511553490497,3636.5424333222863,3565.805701080782,3626.984619140625,1963127,3639.7563232421876,3611.984747566707,35.34180728500988,3797.7596833569582,3481.752963127417,0.019390273223863774,230,3655.1453909057286
2024-01-08,3626.9841625752906,3628.7793617710286,3563.4277622287427,3569.15283203125,1067805,3642.259765625,3607.9055175157114,31.065561854920773,3793.661454216094,3490.858077033906,-0.01594486693000574,231,3658.1650501698114
2024-01-09,3599.8640361952075,3641.006036617692,3573.471193354034,3580.408935546875,1370944,3644.5400634765624,3605.286795423441,35.850385160062416,3790.3996265275446,3498.6805004255802,0.0031537185560135406,232,3661.1847094338946
2024-01-10,3580.505989583693,3618.5913175216765,3578.565335930802,3602.8720703125,1292227,3646.526818847656,3605.0568216033516,42.26871350105885,3788.7550420924313,3504.298595602881,0.006273901995553555,233,3664.2043686979778
2024-01-11,3613.497023720243,3661.043037190246,3597.001468026568,3624.704345703125,1777909,3653.416149902344,3606.9280143747587,44.20658445728677,3774.9320317215697,3531.900268083118,0.006059686540224929,234,3667.2240279620605
2024-01-12,3733.81754078814,3789.3687503022047,3708.201007927904,3767.5849609375,6813450,3663.8738525390627,3622.2286759521626,55.258477692084064,3786.960532028468,3540.787173049657,0.03941855710349218,235,3670.2436872261433
2024-01-15,3842.4944820079345,3847.346116454914,3769.7199653032385,3787.962158203125,2801505,3665.9503784179688,3638.012817118921,59.81147711832828,3796.1000499149163,3535.800706921021,0.005408556801478115,236,3673.2633464902265
2024-01-16,3783.303926653488,3783.303926653488,3741.1432775430862,3746.72265625,1432672,3666.0522583007814,3648.3661351314045,54.330134009731935,3796.464361484422,3535.6401551171407,-0.010886988895551064,237,3676.283005754309
2024-01-17,3705.678250807821,3793.9294306898973,3699.4196899865615,3769.331787109375,3458696,3669.3707885742188,3659.8866734150206,57.17189810863634,3806.9199328674204,3531.821644281017,0.006034375355128185,238,3679.302665018392
2024-01-18,3782.33400921486,3792.81358642979,3747.4022430958926,3786.797607421875,2239110,3675.3164916992187,3671.973429034721,59.06976277638438,3822.5354206044367,3528.0975627940006,0.004633664877215393,239,3682.322324282475
2024-01-19,3836.7873325006367,3854.828547294304,3807.658918491698,3834.890869140625,2941975,3683.3054077148436,3687.4893757114737,61.127259924176656,3846.907104169838,3519.703711259849,0.012700246145843641,240,3685.341983546558
2024-01-23,3793.021529808284,3825.991545051423,3737.3419188899447,3752.416748046875,2618854,3685.3997802734375,3693.672934981512,56.07617356625624,3851.521933133899,3519.277627412976,-0.021506249827711987,241,3688.3616428106407
2024-01-24,3773.570326867422,3777.1201111922514,3701.211238257574,3736.418212890625,2657709,3688.074499511719,3697.7439138299987,62.90018086255263,3855.7442084195186,3520.404790603919,-0.0042635283419885095,242,3691.381302074724
2024-01-25,3734.570146060019,3755.0914608833264,3675.0489302993396,3705.7822265625,2205154,3688.458142089844,3698.50946742357,62.23111707393952,3856.2595879424125,3520.6566962372754,-0.008199292633365052,243,3694.4009613388066
2024-01-29,3696.542838242831,3715.216128362602,3677.1401208727275,3696.7373046875,1646747,3688.937780761719,3698.340690020135,56.40870809262947,3856.7782518477306,3521.097309675707,-0.002440759149355154,244,3697.42062060289
2024-01-30,3703.010685194557,3742.253969987769,3683.121681091469,3696.300048828125,1411621,3689.7109130859376,3698.1463432399432,63.05928138156889,3857.5367281298822,3521.885098041993,-0.00011828156109994215,245,3700.4402798669726
2024-01-31,3706.6578814563027,3728.8325198298085,3692.312477265513,3711.277587890625,2459358,3690.374157714844,3699.3969379685796,63.339534781864295,3858.442783380401,3522.3055320492867,0.004052035512444041,246,3703.4599391310558
2024-02-01,3715.216282824203,3797.7873560173143,3700.6764131851514,3748.429443359375,2363107,3694.2486206054687,3704.0667003867507,64.40540202273829,3863.995216010747,3524.5020252001905,0.010010529956037573,247,3706.4795983951385
2024-02-02,3768.7564289471684,3875.10678784539,3765.7900437431695,3857.50341796875,2826510,3708.0135986328123,3718.679721108846,69.64682708929561,3884.03672157492,3531.9904756907044,0.029098580154045095,248,3709.4992576592213
2024-02-05,3873.7449132659613,3911.67512958968,3853.41830257255,3864.31103515625,1691523,3723.329443359375,3732.5493700657416,60.59694226901185,3897.6891520006398,3548.9697347181104,0.001764772820625149,249,3712.5189169233045
2024-02-06,3887.3613854413798,4036.0672088611577,3880.5533970255456,4022.548583984375,4474396,3743.1076416015626,3760.1683428198976,69.73812219704229,3956.7637545920375,3529.4515286110877,0.04094845041937134,250,3715.538576187387
2024-02-07,4039.0820610027527,4041.027200449419,3962.2003768845075,3971.39111328125,2124267,3763.2195556640627,3780.28479714955,68.59330170609296,3983.552187148841,3542.8869241792845,-0.012717676277871792,251,3718.55823545147
2024-02-08,3977.8097797271807,4043.9445144512515,3973.9681771841665,4020.7001953125,2345173,3785.2341186523436,3803.1815017364975,69.92252003948882,4016.3774838954764,3554.0907534092107,0.012416073014402729,252,3721.577894715553
2024-02-09,4023.0829671480524,4069.961016230209,3987.5357348811417,4020.3115234375,2100596,3806.106091308594,3823.8605514223073,69.02236409017233,4043.2257135160926,3568.9864691010953,-9.66677086376988e-05,253,3724.597553979636
2024-02-12,4016.712676589731,4045.500833365555,3992.933158561447,4007.66796875,1013716,3825.2542724609375,3841.3660197392305,64.93737739422923,4062.545870852946,3587.962674068929,-0.0031449191471334403,254,3727.617213243719
2024-02-13,4012.287867137159,4055.615657406954,3969.543238778533,4035.677978515625,1257415,3838.6589233398436,3859.8719205750776,77.03524299697827,4091.981426732698,3585.3364199469893,0.006989104382906675,255,3730.636872507802
2024-02-14,3994.3436924832126,4002.026898009872,3938.4209356490796,3987.633056640625,1391283,3848.642468261719,3872.039647819415,72.59449726619968,4109.187681211736,3588.0972553117017,-0.011905043497219658,256,3733.656531771885
2024-02-15,4014.767486410783,4032.565320923148,3971.001852474619,3990.64794921875,1091582,3860.838732910156,3883.3356765241138,76.96063706783171,4124.118059890336,3597.559405929977,0.0007560606844465578,257,3736.676191035968
2024-02-16,4000.4223420557987,4034.1707007993286,3987.633145403081,4015.059326171875,1307556,3873.125109863281,3895.880786014377,79.27552534852965,4141.312941980769,3604.937277745793,0.0061171462037648006,258,3739.6958503000506
2024-02-19,4009.9531672226553,4015.059157963777,3943.769991476078,3991.231201171875,772291,3883.346789550781,3904.961777934139,76.0054403047535,4153.258800386736,3613.4347787148263,-0.005934688148859446,259,3742.7155095641338
2024-02-20,3970.126790678697,3985.59055363256,3900.0044216853503,3920.087890625,1193648,3887.606640625,3906.402360095173,66.75247060095529,4156.9873535012,3618.2259277488,-0.017824903384696555,260,3745.7351688282165
2024-02-21,3902.9224569250673,3951.891439444616,3871.4112915974815,3882.01220703125,1885939,3894.0864135742186,3904.0794883747994,60.701239153640735,4155.903381265895,3632.2694458825413,-0.009712966815057622,261,3748.7548280922992
2024-02-22,3862.074308087051,3982.6242758305775,3862.074308087051,3974.98974609375,2982052,3906.014990234375,3910.8328462527948,59.66091323599559,4159.181821269077,3652.848159199674,0.023950862105506898,262,3751.7744873563825
2024-02-23,4016.7127903511646,4016.7127903511646,3935.4058698837393,3940.94970703125,2538072,3917.7733642578123,3913.7011187078856,56.031860224524955,4152.991492897336,3682.555235618289,-0.008563553930158285,263,3754.794146620465
2024-02-26,3925.2910661086835,3938.9070410654526,3873.501732790971,3891.2998046875,1379284,3927.5014892578124,3911.567660229754,37.540333215750316,4139.1402726893775,3715.862705826247,-0.012598461293521934,264,3757.8138058845484
2024-02-27,3889.305953167398,4010.8771570048384,3889.305953167398,3991.814697265625,2960475,3942.2772216796875,3919.2102351855515,51.77272051091987,4125.277231397435,3759.2772119619403,0.025830672943021105,265,3760.833465148631
2024-02-28,3983.256710254891,4040.929905710048,3976.8376550125004,4005.96630859375,1939225,3957.0116577148438,3927.4727183672844,48.63800742404437,4105.991461199525,3808.0318542301625,0.0035451573786275947,266,3763.8531244127144
2024-02-29,3986.5631905150553,4024.590760669227,3953.0582119210476,3982.770263671875,3772719,3968.7286987304688,3932.739151253436,46.670114161451025,4080.9665555602433,3856.4908419006942,-0.00579037444027275,267,3766.872783676797
2024-03-01,3994.5381419656173,4026.4382356164633,3974.6975792079206,3982.04052734375,2043265,3974.9555541992186,3937.434520404894,47.67778228097219,4074.288079769915,3875.623028628522,-0.00018322330433695466,268,3769.89244294088
2024-03-04,3992.398627973585,4004.944682155846,3964.0967546589172,3968.76513671875,1749271,3980.178259277344,3940.4183886252613,43.77037427986822,4064.930025885074,3895.4264926696137,-0.003333816050801297,269,3772.912102204963
2024-03-05,3950.5780066427474,3952.5231459862443,3870.8272935593636,3902.046875,2070859,3974.153173828125,3936.763958756189,42.29961731034765,4063.2442920927306,3885.0620555635196,-0.016810836474417945,270,3775.931761469046
2024-03-06,3884.491922362945,3960.3036803464424,3849.86834727239,3952.81494140625,1744204,3973.224365234375,3938.2926237704805,46.86542975434634,4062.8226116999804,3883.6261187687696,0.013010624431888607,271,3778.9514207331285
2024-03-07,3953.495769104749,4010.8773805136493,3926.944569218317,3995.89990234375,2688905,3971.9843505859376,3943.779031253649,48.46023354017378,4059.4777972231195,3884.4909039487557,0.01089981736462775,272,3781.9710799972117
2024-03-11,3976.8376535210296,4039.0821166722512,3976.8376535210296,4009.27294921875,2304068,3971.432421875,3950.0165472503254,51.47472557559977,4057.7739367627605,3885.090906987239,0.003346692159920339,273,3784.9907392612945
2024-03-12,4009.2726031998714,4113.921192818716,4008.007977718715,4077.255126953125,4039801,3974.9117797851563,3962.1345072220206,62.91352415921084,4072.302888306872,3877.520671263441,0.01695623585508743,274,3788.0103985253777
2024-03-13,4089.6555531194454,4124.668062016544,4018.560613686994,4035.191650390625,2837260,3974.8874633789064,3969.092330380935,62.50393100091953,4072.214911940834,3877.5600148169788,-0.010316616265789946,275,3791.0300577894604
2024-03-14,4039.5200133888384,4109.10718896528,3973.919993872695,4092.1845703125,2919608,3980.1150390625,3980.815400850608,60.163624121854234,4090.6587797301872,3869.5712983948124,0.014123968539724308,276,3794.0497170535436
2024-03-15,4077.595761278169,4122.7228997396605,4062.4235791961696,4103.5146484375,3373143,3985.7583740234377,3992.501043477931,64.67641470758082,4109.323136639509,3862.1936114073656,0.0027687114132621815,277,3797.0693763176264
2024-03-18,4099.6242043308575,4138.040705385616,4004.896015694858,4038.595458984375,1526904,3986.9351806640625,3996.890987811878,62.94110808384094,4112.112700450724,3861.7576608774007,-0.01582038691584653,278,3800.089035581709
2024-03-19,3940.1226473159663,3946.687492208131,3857.794724497652,3868.201171875,8931209,3980.7836791992186,3984.6348148655084,40.32726604436167,4116.703310313146,3844.8640480852914,-0.042191471970858374,279,3803.1086948457923
2024-03-20,3876.6627036313866,3907.78493306345,3851.570358663032,3861.976806640625,1817913,3977.878125,3972.9530997964716,38.591312482372835,4121.525678622058,3834.2305713779424,-0.0016091110461450286,280,3806.128354109875
2024-03-21,3880.6019849960817,3898.4484974722936,3839.705379451114,3863.970947265625,3829582,3976.9760620117186,3962.573847174486,40.259957581148676,4123.358934141323,3830.593189882114,0.0005163523047500007,281,3809.148013373958
2024-03-22,3790.103935402895,3829.979291151296,3749.2560100020937,3803.62255859375,5852485,3968.4077026367186,3947.4356292144157,36.674660411707045,4134.071849887212,3802.743555386225,-0.01561823044103916,282,3812.167672638041
2024-03-26,3768.7074918273493,3838.440690058343,3765.254821991244,3771.138916015625,3440925,3959.9171630859373,3930.6454660526265,35.651748196712944,4147.467096599868,3772.367229572007,-0.008540185593529204,283,3815.187331902124
2024-03-27,3781.8371355577046,3788.158838368847,3724.3581734819704,3735.542724609375,1968575,3952.1293090820313,3912.0642525818407,37.33914518934633,4163.143739510752,3741.11487865331,-0.009439109032837956,284,3818.2069911662065
2024-03-28,3744.490645526798,3807.6103232125056,3735.153881557504,3769.971923828125,4311783,3941.0371704101562,3898.5316498433917,35.74247997560178,4166.1216452866065,3715.9526955337064,0.009216652507260559,285,3821.2266504302897
2024-04-01,3790.7849991059966,3825.408576562606,3781.3997961643163,3809.3125,1569676,3931.204479980469,3890.034587953545,35.3650437902419,4161.468085776368,3700.94087418457,0.010435243807314087,286,3824.246309694373
2024-04-02,3783.2959977168784,3802.6016005490583,3766.76231340809,3777.26611328125,2142666,3920.9292724609377,3879.29473322285,32.32046049033143,4159.688213493868,3682.1703314280076,-0.0084126431524717,287,3827.2659689584557
2024-04-03,3745.365904713473,3871.799965376353,3745.365904713473,3839.0244140625,3973090,3913.778466796875,3875.459464731388,31.672337051107093,4153.396075128875,3674.160858464875,0.016349999954756056,288,3830.2856282225384
2024-04-04,3866.8397293202797,3918.1427803858774,3827.304866462404,3893.48828125,3394637,3910.0146240234376,3877.176494876018,39.30252437548588,4148.357000082054,3671.6722479648215,0.014186903054848266,289,3833.3052874866216
2024-04-05,3868.8824323541658,3892.224106154191,3851.8624618749805,3870.09814453125,1636819,3908.4171875,3876.502366271754,32.338173803369955,4147.411780397056,3669.4225946029446,-0.006007501507424795,290,3836.3249467507044
2024-04-08,3873.7450929274473,3922.0330832785467,3851.375989955484,3863.581787109375,2302538,3903.955529785156,3875.271834922956,30.77168398541977,4142.791918662395,3665.1191409079174,-0.0016837705863049779,291,3839.344606014787
2024-04-09,3874.717608938137,3905.694048254169,3817.384673734395,3838.294921875,1876992,3896.0752807617187,3871.750224156484,32.858985592815586,4132.526668617159,3659.6238929062783,-0.006544928159342489,292,3842.3642652788703
2024-04-10,3847.8747588285305,3880.7476629694565,3810.528176426063,3875.349853515625,2101965,3889.3791259765626,3872.093046000212,50.79265390847867,4119.842293853052,3658.915958100073,0.009654008458142016,293,3845.383924542953
2024-04-12,3862.0743563623423,3903.262778963109,3837.2738285136293,3891.640380859375,4354821,3880.098388671875,3873.95469693918,53.21731080670291,4092.984877147601,3667.211900196149,0.004203627532872067,294,3848.403583807036
2024-04-15,3891.6404475062823,3952.717874429233,3811.549472195389,3833.091796875,4200329,3869.9933959960936,3870.0629921711625,47.016818238210185,4070.721860364197,3669.2649316279903,-0.015044705639385425,295,3851.423243071119
2024-04-16,3794.966612030053,3820.934173085947,3756.8906068381593,3766.567626953125,3051420,3853.712548828125,3860.2062907218256,46.46239949058292,4029.878293155736,3677.5468045005136,-0.01735522482819485,296,3854.442902335202
2024-04-18,3770.458288138839,3828.0343673129205,3744.393372498665,3756.064208984375,3476284,3836.3400268554688,3850.2879972230207,48.49778558033755,3972.846262622084,3699.8337910888536,-0.002788591367267279,297,3857.462561599285
2024-04-19,3732.722463560279,3746.873400013286,3696.6400331481464,3721.24609375,2957749,3820.47255859375,3837.998292130352,48.573109178992574,3928.8724969762957,3712.072620211204,-0.009269840262871809,298,3860.4822208633677
2024-04-22,3731.7499984522474,3771.6253567885888,3707.4357555642346,3758.593017578125,1728883,3814.992150878906,3830.43588503014,48.87089193916461,3924.3110530268964,3705.673248730916,0.010036133834537608,299,3863.501880127451
2024-04-23,3770.7014052583304,3788.1589838956156,3754.7026811719675,3768.415771484375,1807586,3810.314099121094,3824.529207549591,45.68937610169709,3919.173810017351,3701.4543882248367,0.0026134124818280036,300,3866.5215393915337
2024-04-24,3783.296070139264,3791.0766276099876,3719.54407987477,3725.963134765625,1317312,3803.413708496094,3815.1419625225462,44.708606606706425,3915.4036461430655,3691.4237708491223,-0.011265380279954607,301,3869.5411986556164
2024-04-25,3706.657601197812,3767.394531605907,3706.4631347461445,3746.532958984375,2856271,3800.559228515625,3808.6077717093867,39.57464771833537,3915.4007294176513,3685.7177276135985,0.005520673038018176,302,3872.5608579196996
2024-04-26,3749.401962592489,3770.4582389436573,3698.2449391305313,3716.529296875,2039178,3797.828747558594,3799.838393153731,28.88967072704736,3918.084679167274,3677.572815949914,-0.008008380664962456,303,3875.5805171837824
2024-04-29,3732.7226089474875,3771.4309315368455,3714.4382506071906,3764.039306640625,1110693,3799.2535766601563,3796.428956342959,38.03619515220482,3917.0523775359534,3681.4547757843593,0.012783434750688771,304,3878.600176447865
2024-04-30,3765.789938541982,3775.272493268424,3705.490616178965,3715.848388671875,2203078,3796.547399902344,3788.75461656476,34.76734503178356,3919.550344158786,3673.5444556459015,-0.012802979470413645,305,3881.6198357119483
2024-05-02,3674.417045390118,3764.9147045184022,3674.417045390118,3757.32861328125,2491044,3793.948205566406,3785.7616638710924,41.9214118467836,3918.007817404245,3669.8885937285672,0.011163056258116422,306,3884.639494976031
2024-05-03,3783.4417525141935,3786.7973077825845,3693.4306208015673,3737.97412109375,2962234,3791.983605957031,3781.2104693208694,35.791155174581945,3918.378019992059,3665.5891919220035,-0.005151131077299587,307,3887.6591542401143
2024-05-06,3747.310970665456,3831.875856708849,3747.310970665456,3813.494384765625,2053831,3790.7071044921877,3784.2851279346555,42.79954181397395,3915.608024702373,3665.8061842820025,0.02020352769317113,308,3890.678813504197
2024-05-07,3822.977257549098,3878.608200295267,3806.1517532235525,3869.806396484375,2062112,3789.5230102539062,3792.4300106536766,53.39692444196272,3910.7151808313643,3668.3308396764482,0.01476651229478887,309,3893.69847276828
2024-05-08,3852.348644505229,3875.0095663734273,3830.563177847568,3867.861083984375,1247685,3789.4111572265624,3799.6139223994574,60.64385772821167,3910.2939423873195,3668.5283720658053,-0.0005026898766220533,310,3896.718132032363
2024-05-09,3853.32122962492,3862.074357102614,3802.7962801729855,3851.570556640625,1726486,3788.810595703125,3804.562173279569,59.91516221879997,3908.25260710746,3669.3685842987898,-0.004211766397506866,311,3899.7377912964457
2024-05-10,3853.9048405813305,3864.6031074267457,3778.4820118323983,3787.089111328125,1672489,3786.2503051757812,3802.8980721413363,56.43902441353696,3903.3993646455274,3669.101245706035,-0.016741597840217448,312,3902.757450560529
2024-05-13,3777.9467919329823,3846.512952013115,3763.844532058345,3839.510498046875,931326,3784.4583374023437,3806.3849698466256,57.686581148374366,3896.8694539156045,3672.047220889083,0.013842131826775406,313,3905.7771098246117
2024-05-14,3828.034438772876,3837.5656695695525,3786.1165886350204,3794.18896484375,1058317,3779.5857666015627,3805.2234455606376,52.29358356272718,3880.2719246911074,3678.899608512018,-0.011803987311971076,314,3908.7967690886944
2024-05-15,3797.3982523912305,3819.2323938552713,3769.1937321404057,3773.959228515625,1115021,3776.6291381835936,3802.2459010801604,54.44711875602286,3874.1219354016202,3679.136340965567,-0.00533176826867876,315,3911.8164283527776
2024-05-16,3811.871212722825,3829.8964642714295,3765.240327516879,3821.5205078125,2599399,3779.3767822265627,3804.0815779118116,56.617060632421996,3878.7548760456616,3679.9986884074638,0.012602488902770048,316,3914.8360876168604
2024-05-17,3839.203193497598,3840.1828319751426,3752.0153689961217,3756.031982421875,2765804,3779.3751708984373,3799.505425960389,53.28036726456907,3878.7548572984992,3679.9954844983754,-0.017136771935867934,317,3917.8557468809436
2024-05-21,3752.6034232070624,3766.465212644621,3732.471803718336,3742.4150390625,1908117,3780.4336181640624,3794.068246255828,48.09717423725201,3877.633558981186,3683.2336773469387,-0.0036253534110204377,318,3920.8754061450263
2024-05-22,3756.913769110757,3763.0365099339497,3739.8191245663174,3753.974853515625,1311168,3780.2027099609377,3790.249827899618,53.58612194734371,3877.642757246543,3682.762662675332,0.0030888648993940837,319,3923.8950654091095
2024-05-23,3762.742320348681,3825.488211966575,3747.6069538740417,3814.17333984375,2095742,3782.490588378906,3792.528257608583,55.16486870662225,3880.9091974389353,3684.071979318877,0.016035932225744398,320,3926.9147246731923
2024-05-24,3799.2830150964464,3804.720056608894,3766.0243358337225,3771.118408203125,1309452,3784.7483520507812,3790.4892243318727,52.887121971593885,3879.7182430447883,3689.778461056774,-0.011288142358624076,321,3929.934383937275
2024-05-27,3776.5065844447445,3828.770396397948,3763.134613996444,3768.718505859375,1841538,3785.857629394531,3788.415822572587,45.53029520201676,3879.4564493436915,3692.258809445371,-0.0006363900795397504,322,3932.954043201358
2024-05-28,3779.445174822596,3791.2008363305977,3752.0152979705917,3761.713623046875,1801993,3788.116845703125,3785.8727559510903,38.03157354094017,3876.717599996462,3699.516091409788,-0.0018586909055715584,323,3935.973702465441
2024-05-29,3770.5305466531386,3770.5305466531386,3722.6263194210433,3726.201904296875,1568095,3786.2249755859375,3780.189817698308,35.40020874242252,3878.5289283126494,3693.9210228592256,-0.009440303624505209,324,3938.9933617295237
2024-05-30,3700.094707884028,3717.140322546408,3639.7979088533293,3660.027587890625,2919230,3783.433935546875,3768.7457958118625,32.099621166143876,3887.3440303992465,3679.5238406945036,-0.017759186996802567,325,3942.013020993607
2024-05-31,3663.8479428095284,3673.4484478197846,3579.354123272811,3596.203857421875,10956800,3775.3776977539064,3752.313230250911,32.139130323542744,3908.646533345452,3642.1088621623608,-0.01743804628137613,326,3945.0326802576897
2024-06-03,3656.794715687024,3675.162937939019,3620.743970313197,3627.45458984375,2156773,3769.8517211914063,3740.4219311645147,29.339697904857772,3917.9869773326077,3621.716465050205,0.00868992239062849,327,3948.052339521773
2024-06-04,3624.662599627776,3668.7463339475735,3518.3718179900425,3639.357177734375,3395997,3761.1448608398437,3730.7967165521204,33.86421218734877,3918.6532315291274,3603.63649015056,0.0032812506940680386,328,3951.0719987858556
2024-06-05,3640.336560281449,3706.756096486479,3624.662344736642,3670.16650390625,2799670,3751.1628662109374,3725.022410585847,39.416620239053664,3904.9358638015033,3597.3898686203715,0.008465595616821142,329,3954.091658049939
2024-06-06,3704.013180177749,3761.713792341841,3665.317459305752,3752.4072265625,4328036,3745.390173339844,3727.6304882979093,43.41824184510939,3889.0533283309196,3601.727018348768,0.022407899633087203,330,3957.1113173140216
2024-06-07,3759.1669041268424,3835.2847685577945,3759.1669041268424,3814.663330078125,4552445,3743.544812011719,3735.9193303722154,55.61813681683986,3882.3306176429796,3604.7590063804582,0.016590977406430563,331,3960.1309765781043
2024-06-10,3815.691783133879,3826.369746628105,3763.6728854931707,3780.130859375,1734661,3743.1968994140625,3740.1299521820047,53.47470512555218,3881.557325957135,3604.83647287099,-0.009052560531578435,332,3963.1506358421875
2024-06-11,3766.7099983889166,3800.9483158199455,3762.7914444244025,3773.66552734375,1419898,3739.904650878906,3743.323816483123,51.83126388155376,3871.5879921548467,3608.2213096029654,-0.0017103460890025568,333,3966.1702951062703
2024-06-12,3795.5113826278625,3814.2225740099775,3749.5174019913065,3753.6318359375,2177001,3737.8767944335937,3744.3055326216354,43.91494298679131,3867.269538952648,3608.4840499145394,-0.005308814801175954,334,3969.189954370353
2024-06-13,3778.2699195397627,3810.7938708088977,3773.5676067752893,3799.18505859375,1932323,3739.1380859375,3749.5321541427893,52.80689666285938,3870.4887497245863,3607.7874221504135,0.012135772672247969,335,3972.209613634436
2024-06-14,3809.8142929599544,3809.8142929599544,3750.0563418489855,3754.02392578125,1860730,3735.7632568359377,3749.9599419178808,48.646209751680296,3861.5522786410656,3609.9742350308097,-0.011887057912681964,336,3975.229272898519
2024-06-18,3748.1459390773957,3763.7711253531625,3717.7771455099964,3737.4189453125,1774045,3734.8326049804687,3748.765561288797,47.8006703788131,3860.265135254266,3609.400074706671,-0.004423248438752081,337,3978.2489321626017
2024-06-19,3749.713320041751,3755.7872702574973,3715.7199109177072,3724.291748046875,1509050,3733.9264404296873,3746.4347219324236,49.81977466304497,3859.3901798053903,3608.4627010539843,-0.0035123697550923927,338,3981.268591426685
2024-06-20,3718.7078233814937,3732.3737329069522,3703.082636815265,3710.135986328125,2846526,3731.7344970703125,3742.977699493919,55.24237464419774,3857.255236846585,3606.21375729404,-0.003800927176603075,339,3984.288250690768
2024-06-21,3749.0763513887523,3798.8420325256525,3720.715866070661,3733.1572265625,4642195,3727.68369140625,3742.042416357593,65.66561719282782,3847.0822697035624,3608.285113108938,0.006204958610468214,340,3987.307909954851
2024-06-24,3731.1980908539826,3778.465647895979,3714.103447073741,3739.084228515625,1702154,3726.081982421875,3741.7606841821676,63.55416954458274,3843.87590198793,3608.2880628558205,0.0015876647013290945,341,3990.3275692189336
2024-06-25,3739.280015679649,3769.305838922121,3715.670633038322,3760.293212890625,1338808,3725.6607177734377,3743.5256869163063,64.35963529980624,3842.8714335070717,3608.4500020398036,0.005672240334478884,342,3993.347228483017
2024-06-26,3766.220118963664,3788.212954904168,3762.7913842995013,3777.339111328125,1639845,3726.4419921875,3746.746013050765,63.15538056830366,3844.866570033746,3608.017414341254,0.004533130123753448,343,3996.3668877470996
2024-06-27,3752.9950629497644,3861.734935564597,3740.357822070456,3854.044677734375,4526556,3732.834130859375,3756.964933496823,62.647811020636574,3864.288351036561,3601.379910682189,0.020306772610436896,344,3999.3865470111823
2024-06-28,3838.027726477141,3879.368422948388,3818.4839864227138,3824.655517578125,2731571,3741.06552734375,3763.4116557902803,51.35420582022626,3873.9336959681405,3608.1973587193597,-0.007625536965369717,345,4002.4062062752655
2024-07-01,3804.915856909854,3920.219258189819,3804.915856909854,3897.19775390625,2658723,3756.1152221679686,3776.153188944182,64.38375313168933,3888.079145533302,3624.151298802635,0.018966998725694628,346,4005.4258655393483
2024-07-02,3912.284647133711,3941.4776848729957,3901.4595932166394,3935.599853515625,2307449,3771.5224853515624,3791.3385855700335,68.44866478086608,3911.9221145954357,3631.122856107689,0.009853772385782555,347,4008.445524803431
2024-07-03,3938.1466812760073,3944.122571659196,3874.470180210599,3884.511474609375,1821198,3783.7802001953123,3800.212194049971,63.925355028586715,3918.278157274905,3649.2822431157197,-0.012981090763232284,348,4011.465184067514
2024-07-04,3918.407163657249,3964.9399925707075,3901.0185802211668,3939.077392578125,2518001,3797.2257446289063,3813.4374510526527,64.60420000193704,3937.5408560583937,3656.910633199419,0.014047047698382054,349,4014.4848433315974
2024-07-05,3928.3503724029933,3944.759317225375,3906.798325472104,3930.11376953125,1668616,3806.1110717773436,3824.5494813839478,69.88601022555329,3956.6127707945498,3655.6093727601374,-0.002275564086088755,350,4017.50450259568
2024-07-08,3940.106215968834,3949.167872482437,3897.051149881357,3911.892578125,1758882,3810.9725341796875,3832.867871549762,69.63182566385879,3968.743204733274,3653.201863626101,-0.004636301256088937,351,4020.524161859763
2024-07-09,3903.8593018588867,3925.3623184354674,3894.160976676417,3904.34912109375,1305801,3817.183447265625,3839.6756096015706,70.51793161199502,3979.5550130708225,3654.8118814604277,-0.00192833951357263,352,4023.543821123846
2024-07-10,3902.5860570627137,3921.787068375789,3822.5496350896506,3829.553955078125,2669716,3819.9778686523437,3838.7116425040995,61.95566731716093,3981.1149726523267,3658.8407646523606,-0.019156884719026435,353,4026.563480387929
2024-07-11,3850.9590262250354,3898.9613137562046,3816.2799182478925,3843.8076171875,4872189,3824.4866577148437,3839.1969734263284,61.27584449911231,3982.8294019776267,3666.1439134520606,0.0037220162652296107,354,4029.5831396520116
2024-07-12,3898.9613209892245,4114.4330054282855,3890.4385136742408,4098.7587890625,13509164,3839.4653442382814,3863.917146344059,74.3129634305537,4039.039536882063,3639.8911515944997,0.06632776592017553,355,4032.602798916095
2024-07-15,4149.455043182372,4153.667297454993,4072.4060914203146,4084.30908203125,4848030,3855.979602050781,3884.906854504744,72.10453330064433,4079.061193440809,3632.8980106607532,-0.0035253860436502693,356,4035.6224581801775
2024-07-16,4087.051745925721,4109.142402353893,4060.5034474020554,4093.37060546875,2029521,3873.7771850585937,3904.7605450727447,71.79729399779411,4113.227614140399,3634.3267559767883,0.0022186184383952146,357,4038.6421174442603
2024-07-18,4075.296134549774,4236.93648604033,4075.296134549774,4227.6787109375,5613364,3898.946533203125,3935.5146561074835,73.87329908759494,4175.229715677331,3622.6633507289184,0.032811127653409766,358,4041.6617767083435
2024-07-19,4239.314154865978,4279.916382656846,4207.745724985431,4224.58544921875,3903354,3924.6690063476562,3963.045207832366,76.44201543345288,4221.932757348269,3627.4052553470437,-0.0007316690624449285,359,4044.6814359724267
2024-07-22,4222.1803148836,4241.818590319842,4187.862236778732,4209.80810546875,1896386,3948.5015502929687,3986.5464361786885,72.37807554967716,4257.321032536675,3639.682068049262,-0.003497939366508218,360,4047.701095236509
2024-07-23,4205.536980663162,4282.8137917236645,4189.13882773974,4224.537109375,2365208,3972.7741943359374,4009.2122145783374,71.40905510771216,4288.522856925475,3657.0255317464,0.003498735224324534,361,4050.720754500592
2024-07-24,4209.955327580733,4260.622174468574,4190.9062961576155,4228.3662109375,1809793,3996.177844238281,4030.0840237554007,77.3969397135791,4314.9869044189545,3677.368784057608,0.0009063955324246642,362,4053.7404137646754
2024-07-25,4217.319636983082,4264.4514978853385,4196.896022372138,4244.322265625,2810342,4019.527001953125,4050.4876658382195,75.91510392506302,4339.253160959587,3699.800842946662,0.0037735744473188504,363,4056.760073028758
2024-07-26,4271.324703991635,4342.464545151934,4258.608729472141,4308.490234375,3552210,4042.2492797851564,4075.0593390321987,79.37081941066955,4376.711044240484,3707.787515329829,0.015118543016796826,364,4059.779732292841
2024-07-29,4335.149576043135,4350.860197383269,4291.945367357768,4301.86279296875,1746803,4066.1096435546874,4096.659667978537,80.825590838073,4403.287710873502,3728.931576235873,-0.0015382282529906588,365,4062.799391556924
2024-07-30,4311.681741041037,4318.456850304975,4249.035353541636,4286.3974609375,1797906,4085.56962890625,4114.729933974629,79.82586347806463,4426.603554849128,3744.5357029633715,-0.0035950314492892987,366,4065.819050821007
2024-07-31,4271.32489689292,4334.167378134563,4266.415328045917,4306.03564453125,2330091,4104.091418457031,4132.949525456212,90.7035101469454,4451.017121199408,3757.1657157146537,0.004581512510847485,367,4068.8387100850896
2024-08-01,4319.831452135074,4339.3714407578755,4286.102617400063,4317.5732421875,2202244,4125.7445068359375,4150.532736573477,90.66016956823462,4469.004380127264,3782.4846335446114,0.002679401335403009,368,4071.858369349173
2024-08-02,4286.053969556137,4318.457126714295,4192.772153494779,4205.5859375,2811282,4139.069934082031,4155.77589856648,62.14972266587291,4472.3656207868635,3805.7742473771987,-0.02593755760603189,369,4074.878028613256
2024-08-05,4162.332736944009,4162.332736944009,4036.156809438158,4079.90087890625,2787771,4146.559289550782,4148.5497062178865,49.59988228703527,4466.551085388406,3826.5674937131566,-0.029885266990516746,370,4077.8976878773383
2024-08-06,4095.5133106272006,4181.234188453704,4085.546502593992,4095.7587890625,2203067,4155.752600097656,4143.5219998221355,50.21412554385086,4457.396149197142,3854.1090509981696,0.0038868371136755453,371,4080.9173471414215
2024-08-07,4151.531513665411,4168.175144224216,4104.694033994683,4124.47998046875,1237666,4166.759143066406,4141.7084741694325,38.58604842063197,4444.929228714157,3888.5890574186556,0.007012422577947763,372,4083.9370064055047
2024-08-08,4105.381347258672,4155.458948002559,4084.7611587170704,4097.083984375,2441283,4180.13564453125,4137.458522760439,36.61754561472381,4411.887329570373,3948.3839594921274,-0.006642290961159314,373,4086.9566656695874
2024-08-09,4140.730092096512,4176.717133478339,4129.486988399369,4152.267578125,1302536,4195.558642578125,4138.868908985635,44.43280179219157,4366.019143627768,4025.0981415284814,0.01346899257141243,374,4089.97632493367
2024-08-12,4153.494944715224,4162.332168001852,4110.634507665087,4119.76611328125,936912,4196.6090087890625,4137.049595109027,40.200152178500076,4364.801847336765,4028.4161702413608,-0.007827401349319252,375,4092.9959841977534
2024-08-13,4136.802982285547,4157.423172797769,4107.345567268085,4121.04345703125,1495593,4198.445727539062,4135.525201006381,39.913321297684064,4362.219226652483,4034.672228425642,0.00031005249202920027,376,4096.015643461837
2024-08-14,4132.875360818273,4228.317578037032,4112.40236132334,4217.5654296875,3226545,4204.65546875,4143.338556118869,47.816012243531496,4360.898814255672,4048.412123244329,0.02342173133155545,377,4099.035302725919
2024-08-16,4271.32496210224,4346.932323500371,4246.875404760914,4336.18017578125,3457058,4210.080541992187,4161.704424658144,52.07566064710804,4376.86875930005,4043.2923246843234,0.02812398481332834,378,4102.054961990002
2024-08-19,4341.040916446269,4412.966102406389,4310.945354320212,4408.79296875,2055210,4219.29091796875,4185.236666952606,57.29400440318815,4408.314216731643,4030.2676192058575,0.01674579699762302,379,4105.074621254085
2024-08-20,4423.5214046887,4482.436229168461,4418.611835982054,4441.490234375,2212298,4230.875024414063,4209.641768611882,60.336315048201214,4444.276236635252,4017.473812192874,0.007416375832741906,380,4108.094280518168
2024-08-21,4436.286551737751,4477.5269313687795,4411.29665372891,4469.1806640625,1896990,4243.107202148438,4234.3597586547985,60.75750482785532,4481.554924686347,4004.659479610529,0.006234490728627362,381,4111.113939782251
2024-08-22,4477.526680850177,4478.459690688716,4415.862689393936,4420.57568359375,1829872,4252.71767578125,4252.094608648984,56.47527351599043,4503.821677651469,4001.6136739110316,-0.010875590879462882,382,4114.133599046334
2024-08-23,4418.611731898268,4424.503214207465,4374.425614579285,4383.16455078125,1809253,4259.6597900390625,4264.577460280628,62.318573531533744,4517.376419045496,4001.943161032629,-0.008462954938503908,383,4117.153258310416
2024-08-26,4407.810646937247,4469.818401872383,4403.882992094799,4421.017578125,1844164,4265.286157226563,4279.476519122949,76.94683742340519,4532.239195652488,3998.333118800638,0.008636004171233669,384,4120.1729175744995
2024-08-27,4423.521595654713,4428.431164573309,4405.650573010988,4415.8134765625,930697,4270.98369140625,4292.460991260049,75.7158774373259,4545.966955246311,3996.0004275661886,-0.0011771275437242323,385,4123.192576838583
2024-08-28,4417.384467523588,4479.981468869434,4376.6839509469255,4424.55224609375,1848058,4277.891430664063,4305.04111076802,74.91021672830568,4561.316500155546,3994.466361172579,0.001978971615905545,386,4126.212236102665
2024-08-29,4379.335784660146,4473.599514554176,4379.335784660146,4430.19873046875,2133641,4284.099584960937,4316.9608840728515,78.68918226753452,4575.4488962989235,3992.7502736229508,0.00127617079897413,387,4129.231895366748
2024-08-30,4418.6122679625305,4509.193819455762,4406.6327273671195,4471.39013671875,3637222,4291.7904296875,4331.66843194389,78.16287994677363,4594.749618871988,3988.8312405030133,0.009297868731419578,388,4132.251554630831
2024-09-02,4493.237111558238,4505.020076011625,4430.394634473508,4439.28076171875,1216500,4303.475170898438,4341.917225255782,78.2170097384789,4610.435413139688,3996.5149286571877,-0.007181072109168074,389,4135.271213894914
2024-09-03,4439.281131802064,4473.500923144872,4414.586095966468,4430.73876953125,1717263,4321.017065429687,4350.376419948683,77.00336000790189,4613.959668835053,4028.0744620243213,-0.0019241838139998357,390,4138.290873158997
2024-09-04,4395.979094770648,4405.847136492228,4356.457065075125,4398.2373046875,1265505,4336.1409912109375,4354.934599447618,67.73316668072479,4610.777598532599,4061.5043838892766,-0.00733545048226536,391,4141.31053242308
2024-09-05,4399.955543002937,4417.629990620445,4373.591062750139,4394.9970703125,1688793,4349.666845703125,4358.750072863321,57.46324973575002,4606.4791645048035,4092.8545269014458,-0.0007367120395133098,392,4144.330191687163
2024-09-06,4393.033151008172,4437.219269128685,4359.696987890559,4376.14404296875,1649179,4363.619848632812,4360.406641444791,45.2026901955945,4591.324138860118,4135.915558405506,-0.004289656407531872,393,4147.3498509512465
2024-09-09,4374.425840570686,4409.03830092537,4350.3689532319695,4369.07421875,1184938,4374.460180664062,4361.232124997668,38.49283692521602,4579.2931652232355,4169.627196104889,-0.0016155373656197014,394,4150.369510215329
2024-09-10,4362.102763319449,4457.839350275992,4360.1389358947,4426.31982421875,1385591,4389.787866210938,4367.430953494913,43.77405329493791,4556.7515973569125,4222.824135064963,0.0131024566309903,395,4153.389169479412
2024-09-11,4439.674113958071,4467.069411676029,4390.381851958678,4398.33544921875,1325919,4403.6524658203125,4370.3742388019455,46.563525140558376,4512.63839149278,4294.666540147845,-0.006322266829180023,396,4156.408828743495
2024-09-12,4428.676737874571,4450.622607300757,4351.154451209502,4435.9921875,2742216,4414.573803710938,4376.623567249379,58.15653096950168,4480.191736320782,4348.955871101093,0.008561588518205987,397,4159.4284880075775
2024-09-13,4448.069777598077,4464.762313187297,4423.521931143341,4440.8037109375,1458786,4419.80498046875,4382.735961886344,53.40207674276465,4474.955072433477,4364.654888504023,0.0010846555255570323,398,4162.448147271661
2024-09-16,4445.123383881834,4463.828648356052,4413.162284266815,4431.6220703125,1155120,4420.946435546875,4387.391781736454,52.68149095402638,4476.0818685594195,4365.811002534331,-0.002067562815799784,399,4165.467806535744
2024-09-17,4431.62230848725,4453.764272150941,4385.226883000954,4424.15966796875,1699364,4420.079907226563,4390.893485187148,49.93312038331004,4474.394508616578,4365.765305836548,-0.001683898632453551,400,4168.487465799826
2024-09-18,4415.715125527233,4415.715125527233,4242.84939817985,4267.54443359375,2961779,4409.998095703125,4379.145956463967,31.702231440549113,4493.141837515766,4326.854353890483,-0.03539999596056764,401,4171.507125063909
2024-09-19,4310.650337218327,4342.219248359466,4204.35817203477,4218.44873046875,2927551,4399.891748046875,4363.8414587501375,22.042588283041113,4518.987196065868,4280.796300027882,-0.011504438650602578,402,4174.526784327993
2024-09-20,4238.823093407437,4252.3737899385205,4151.040105806238,4207.40185546875,5447908,4391.10361328125,4348.942448913815,23.119019693971353,4538.073449515342,4244.133777047157,-0.0026187055256144953,403,4177.546443592075
2024-09-23,4222.22911114853,4231.459004478235,4176.0791650499295,4191.298828125,1702319,4379.61767578125,4333.928770743451,22.72071348385238,4550.675808279991,4208.559543282509,-0.0038273090845409863,404,4180.566102856158
2024-09-24,4174.753342987435,4213.39174349326,4163.314144118252,4194.0478515625,3012026,4368.52939453125,4320.606778440504,25.044995154367996,4557.5190775362635,4179.539711526236,0.0006558881984393139,405,4183.585762120241
2024-09-25,4175.4412618287715,4212.017551040905,4163.314530454997,4197.43603515625,2713073,4357.173583984375,4308.876231461051,25.863815378962045,4558.85677244045,4155.4903955283,0.0008078552543189232,406,4186.605421384324
2024-09-26,4182.953033998253,4238.725549338179,4182.953033998253,4214.865234375,3964251,4346.406909179687,4299.922803167142,30.22765502750657,4554.562763756858,4138.251054602517,0.004152344210315295,407,4189.625080648407
2024-09-27,4256.596112539378,4298.818403851764,4222.2780351461415,4230.77197265625,3012477,4334.376000976563,4293.337009785152,33.40411295208432,4539.913990990411,4128.838010962715,0.003773961300475248,408,4192.64473991249
2024-09-30,4209.365945175714,4221.001718965056,4183.001465184691,4191.298828125,2503416,4321.976904296875,4283.619087722281,20.54164550067017,4530.762453784384,4113.191354809365,-0.009330009933498529,409,4195.664399176572
2024-10-01,4178.583136778167,4218.056263856357,4166.211406289576,4210.34814453125,1823365,4310.957373046875,4276.640902656468,25.89713218206586,4518.835076088305,4103.079670005444,0.0045449673686883685,410,4198.6840584406555
2024-10-03,4185.505533031941,4201.608822204832,4133.85677529384,4156.1953125,3350119,4298.8552734375,4265.169894070137,15.581663543318442,4513.413181151246,4084.297365723753,-0.012861841864927115,411,4201.703717704739
2024-10-04,4148.5856235577485,4220.26532782277,4147.652613708516,4175.3427734375,2965463,4287.87255859375,4256.614930200362,18.45764678579718,4504.189283944135,4071.5558332433648,0.00460696851274367,412,4204.723376968822
2024-10-07,4196.601618570953,4219.529403464621,4152.906451090779,4195.57080078125,1472619,4278.843896484375,4250.801203589019,22.6695823152496,4494.720967579452,4062.9668253892983,0.00484463873779073,413,4207.743036232904
2024-10-08,4195.324834210528,4202.001656010186,4127.9165503585355,4176.32470703125,1541867,4269.2064208984375,4243.708203916851,22.06743447844711,4485.332542022861,4053.0802997740134,-0.004587240846088525,414,4210.762695496987
2024-10-09,4182.953062683279,4217.3200479400675,4169.893800065752,4176.03076171875,1082504,4256.691967773438,4237.262733231318,34.074030013086116,4463.288308151529,4050.0956273953466,-7.038373046164281e-05,415,4213.782354761071
2024-10-10,4176.324950925273,4216.19074786921,4122.663456603558,4150.9423828125,2378875,4244.322314453125,4229.041747477145,37.18082571308298,4444.742746094561,4043.9018828116887,-0.00600770931484329,416,4216.802014025154
2024-10-11,4068.068925004607,4165.229488527156,4038.0716498141223,4074.156982421875,5759183,4226.230554199219,4214.290817471881,29.7525284715055,4418.979271964995,4033.481836433443,-0.018498305519383917,417,4219.821673289236
2024-10-14,4065.122758771127,4090.0632711112576,4047.644886515852,4061.833251953125,2137590,4207.28203125,4199.771049327238,30.098230765362302,4385.150242016279,4029.413820483721,-0.003024854104032193,418,4222.841332553319
2024-10-15,4056.3345559239197,4094.531383895366,4020.936757446088,4042.34228515625,2759474,4187.818041992187,4184.7778336919055,27.821045282636348,4346.480846351508,4029.155237632867,-0.0047985639950883785,419,4225.8609918174025
2024-10-16,4011.1177013655647,4040.5751141050914,3993.6395885284373,4020.8876953125,2359151,4167.654443359375,4169.169249084343,25.48415224369188,4300.20268152264,4035.1062051961107,-0.005307464912739479,420,4228.880651081485
2024-10-17,4038.414674215347,4055.2548785670365,4018.9238301370233,4034.68359375,2522659,4156.011401367187,4156.361091433454,24.72458224997328,4292.466480924766,4019.5563218096086,0.003431057886442046,421,4231.900310345568
2024-10-18,4025.824971583393,4081.0938417563607,4015.981878743336,4058.356201171875,2361000,4148.006774902344,4147.027292360923,26.32967616386675,4287.7822216311115,4008.2313281735765,0.0058672772899825976,422,4234.919969609651
2024-10-21,4067.7565419545163,4074.991311135829,4006.138686185549,4015.834228515625,1595450,4138.428393554687,4134.532714851846,26.11109375301227,4287.0419739372655,3989.814813172109,-0.010477634428434746,423,4237.939628873733
